专家A,专家B,共同评审作品数
1,2,4
1,3,4
1,4,4
1,5,4
1,6,3
1,7,4
1,8,4
1,9,4
1,10,4
1,11,4
1,12,4
1,13,3
1,14,4
1,15,4
1,16,4
1,17,4
1,18,4
1,19,4
1,20,5
1,21,4
1,22,4
1,23,4
1,24,4
1,25,4
1,26,4
1,27,4
1,28,4
1,29,4
1,30,4
1,31,4
1,32,4
1,33,3
1,34,4
1,35,4
1,36,4
1,37,4
1,38,4
1,39,4
1,40,4
1,41,4
1,42,4
1,43,4
1,44,4
1,45,4
1,46,4
1,47,3
1,48,4
1,49,4
1,50,3
1,51,4
1,52,4
1,53,4
1,54,4
1,55,3
1,56,4
1,57,4
1,58,4
1,59,4
1,60,4
1,61,4
1,62,3
1,63,3
1,64,4
1,65,4
1,66,4
1,67,4
1,68,3
1,69,3
1,70,4
1,71,4
1,72,4
1,73,3
1,74,4
1,75,4
1,76,4
1,77,4
1,78,4
1,79,4
1,80,4
1,81,5
1,82,3
1,83,4
1,84,4
1,85,4
1,86,4
1,87,4
1,88,4
1,89,4
1,90,4
1,91,4
1,92,4
1,93,4
1,94,4
1,95,4
1,96,4
1,97,4
1,98,4
1,99,4
1,100,4
1,101,3
1,102,3
1,103,5
1,104,4
1,105,4
1,106,4
1,107,3
1,108,4
1,109,3
1,110,3
1,111,4
1,112,4
1,113,4
1,114,3
1,115,4
1,116,3
1,117,4
1,118,3
1,119,4
1,120,4
1,121,5
1,122,4
1,123,4
1,124,4
1,125,4
2,3,4
2,4,3
2,5,4
2,6,4
2,7,4
2,8,4
2,9,4
2,10,4
2,11,5
2,12,4
2,13,4
2,14,4
2,15,4
2,16,4
2,17,4
2,18,4
2,19,4
2,20,3
2,21,4
2,22,3
2,23,4
2,24,4
2,25,4
2,26,4
2,27,4
2,28,4
2,29,4
2,30,4
2,31,4
2,32,4
2,33,4
2,34,4
2,35,4
2,36,3
2,37,4
2,38,4
2,39,3
2,40,4
2,41,4
2,42,4
2,43,3
2,44,4
2,45,4
2,46,4
2,47,4
2,48,4
2,49,3
2,50,4
2,51,4
2,52,3
2,53,4
2,54,4
2,55,4
2,56,5
2,57,4
2,58,4
2,59,4
2,60,4
2,61,4
2,62,4
2,63,4
2,64,4
2,65,4
2,66,4
2,67,4
2,68,3
2,69,4
2,70,4
2,71,4
2,72,3
2,73,4
2,74,4
2,75,4
2,76,4
2,77,4
2,78,4
2,79,3
2,80,4
2,81,3
2,82,4
2,83,4
2,84,4
2,85,4
2,86,4
2,87,4
2,88,3
2,89,4
2,90,4
2,91,4
2,92,4
2,93,5
2,94,4
2,95,4
2,96,3
2,97,3
2,98,4
2,99,4
2,100,4
2,101,4
2,102,4
2,103,4
2,104,3
2,105,4
2,106,4
2,107,4
2,108,4
2,109,4
2,110,3
2,111,4
2,112,3
2,113,3
2,114,4
2,115,4
2,116,4
2,117,4
2,118,4
2,119,4
2,120,4
2,121,4
2,122,4
2,123,4
2,124,4
2,125,4
3,4,4
3,5,4
3,6,4
3,7,4
3,8,4
3,9,4
3,10,3
3,11,4
3,12,4
3,13,4
3,14,4
3,15,4
3,16,4
3,17,4
3,18,4
3,19,4
3,20,3
3,21,4
3,22,4
3,23,4
3,24,4
3,25,4
3,26,3
3,27,4
3,28,4
3,29,4
3,30,4
3,31,4
3,32,4
3,33,3
3,34,3
3,35,4
3,36,4
3,37,3
3,38,4
3,39,4
3,40,4
3,41,4
3,42,4
3,43,5
3,44,3
3,45,4
3,46,4
3,47,4
3,48,4
3,49,4
3,50,4
3,51,3
3,52,4
3,53,4
3,54,4
3,55,3
3,56,3
3,57,4
3,58,4
3,59,4
3,60,4
3,61,3
3,62,4
3,63,4
3,64,4
3,65,3
3,66,4
3,67,4
3,68,4
3,69,4
3,70,4
3,71,4
3,72,4
3,73,4
3,74,3
3,75,4
3,76,4
3,77,3
3,78,4
3,79,4
3,80,4
3,81,4
3,82,4
3,83,4
3,84,4
3,85,4
3,86,4
3,87,4
3,88,4
3,89,4
3,90,4
3,91,3
3,92,3
3,93,4
3,94,4
3,95,4
3,96,4
3,97,4
3,98,4
3,99,4
3,100,4
3,101,5
3,102,4
3,103,4
3,104,3
3,105,4
3,106,4
3,107,4
3,108,4
3,109,4
3,110,3
3,111,4
3,112,4
3,113,4
3,114,3
3,115,4
3,116,4
3,117,4
3,118,4
3,119,3
3,120,4
3,121,5
3,122,4
3,123,5
3,124,4
3,125,4
4,5,4
4,6,4
4,7,3
4,8,4
4,9,4
4,10,4
4,11,4
4,12,3
4,13,4
4,14,4
4,15,4
4,16,4
4,17,4
4,18,4
4,19,3
4,20,4
4,21,4
4,22,3
4,23,4
4,24,4
4,25,4
4,26,4
4,27,4
4,28,4
4,29,4
4,30,5
4,31,4
4,32,4
4,33,4
4,34,4
4,35,4
4,36,4
4,37,3
4,38,4
4,39,4
4,40,4
4,41,4
4,42,4
4,43,3
4,44,4
4,45,4
4,46,4
4,47,4
4,48,4
4,49,4
4,50,4
4,51,4
4,52,4
4,53,3
4,54,4
4,55,3
4,56,4
4,57,4
4,58,4
4,59,4
4,60,4
4,61,4
4,62,4
4,63,4
4,64,3
4,65,4
4,66,4
4,67,4
4,68,3
4,69,4
4,70,4
4,71,4
4,72,3
4,73,4
4,74,4
4,75,4
4,76,4
4,77,4
4,78,4
4,79,4
4,80,3
4,81,4
4,82,3
4,83,4
4,84,4
4,85,4
4,86,4
4,87,4
4,88,3
4,89,4
4,90,4
4,91,4
4,92,4
4,93,3
4,94,4
4,95,4
4,96,4
4,97,4
4,98,4
4,99,4
4,100,4
4,101,4
4,102,4
4,103,4
4,104,4
4,105,4
4,106,4
4,107,4
4,108,4
4,109,4
4,110,4
4,111,4
4,112,4
4,113,4
4,114,4
4,115,4
4,116,4
4,117,3
4,118,4
4,119,4
4,120,4
4,121,4
4,122,4
4,123,4
4,124,4
4,125,4
5,6,3
5,7,4
5,8,4
5,9,4
5,10,4
5,11,4
5,12,4
5,13,4
5,14,4
5,15,3
5,16,3
5,17,4
5,18,4
5,19,4
5,20,4
5,21,4
5,22,4
5,23,4
5,24,4
5,25,4
5,26,4
5,27,4
5,28,4
5,29,4
5,30,4
5,31,5
5,32,4
5,33,4
5,34,4
5,35,4
5,36,5
5,37,3
5,38,4
5,39,4
5,40,4
5,41,4
5,42,4
5,43,4
5,44,4
5,45,4
5,46,5
5,47,3
5,48,4
5,49,4
5,50,4
5,51,3
5,52,4
5,53,4
5,54,4
5,55,4
5,56,4
5,57,4
5,58,4
5,59,4
5,60,4
5,61,4
5,62,4
5,63,4
5,64,4
5,65,4
5,66,4
5,67,4
5,68,3
5,69,4
5,70,4
5,71,4
5,72,4
5,73,4
5,74,3
5,75,4
5,76,4
5,77,4
5,78,3
5,79,4
5,80,4
5,81,4
5,82,4
5,83,4
5,84,4
5,85,4
5,86,4
5,87,3
5,88,4
5,89,4
5,90,4
5,91,4
5,92,3
5,93,4
5,94,4
5,95,4
5,96,3
5,97,4
5,98,4
5,99,3
5,100,4
5,101,3
5,102,5
5,103,4
5,104,4
5,105,4
5,106,4
5,107,3
5,108,4
5,109,3
5,110,3
5,111,3
5,112,4
5,113,4
5,114,4
5,115,4
5,116,4
5,117,4
5,118,4
5,119,4
5,120,3
5,121,4
5,122,4
5,123,4
5,124,4
5,125,3
6,7,3
6,8,4
6,9,4
6,10,4
6,11,4
6,12,4
6,13,4
6,14,4
6,15,4
6,16,4
6,17,3
6,18,4
6,19,4
6,20,3
6,21,3
6,22,4
6,23,4
6,24,4
6,25,4
6,26,4
6,27,5
6,28,4
6,29,4
6,30,4
6,31,4
6,32,4
6,33,3
6,34,5
6,35,4
6,36,4
6,37,4
6,38,4
6,39,4
6,40,4
6,41,4
6,42,4
6,43,4
6,44,4
6,45,4
6,46,4
6,47,4
6,48,4
6,49,4
6,50,4
6,51,4
6,52,4
6,53,4
6,54,4
6,55,4
6,56,4
6,57,4
6,58,4
6,59,4
6,60,4
6,61,4
6,62,4
6,63,3
6,64,4
6,65,4
6,66,4
6,67,4
6,68,4
6,69,4
6,70,4
6,71,4
6,72,4
6,73,4
6,74,4
6,75,4
6,76,4
6,77,4
6,78,4
6,79,4
6,80,3
6,81,4
6,82,4
6,83,4
6,84,4
6,85,4
6,86,4
6,87,4
6,88,3
6,89,4
6,90,4
6,91,4
6,92,4
6,93,4
6,94,4
6,95,3
6,96,4
6,97,4
6,98,4
6,99,4
6,100,4
6,101,3
6,102,4
6,103,3
6,104,4
6,105,4
6,106,4
6,107,4
6,108,3
6,109,4
6,110,3
6,111,4
6,112,4
6,113,4
6,114,3
6,115,3
6,116,4
6,117,3
6,118,5
6,119,3
6,120,4
6,121,4
6,122,4
6,123,4
6,124,4
6,125,4
7,8,4
7,9,3
7,10,4
7,11,4
7,12,4
7,13,4
7,14,4
7,15,3
7,16,5
7,17,4
7,18,3
7,19,4
7,20,4
7,21,4
7,22,4
7,23,4
7,24,4
7,25,4
7,26,4
7,27,3
7,28,4
7,29,4
7,30,4
7,31,4
7,32,4
7,33,4
7,34,4
7,35,4
7,36,4
7,37,4
7,38,4
7,39,4
7,40,4
7,41,4
7,42,5
7,43,4
7,44,4
7,45,3
7,46,4
7,47,4
7,48,4
7,49,4
7,50,4
7,51,4
7,52,4
7,53,4
7,54,3
7,55,3
7,56,4
7,57,4
7,58,4
7,59,3
7,60,4
7,61,4
7,62,4
7,63,4
7,64,3
7,65,4
7,66,4
7,67,4
7,68,4
7,69,4
7,70,4
7,71,4
7,72,4
7,73,4
7,74,5
7,75,4
7,76,4
7,77,3
7,78,4
7,79,3
7,80,4
7,81,4
7,82,4
7,83,4
7,84,4
7,85,4
7,86,3
7,87,4
7,88,4
7,89,4
7,90,4
7,91,4
7,92,4
7,93,4
7,94,4
7,95,4
7,96,4
7,97,4
7,98,4
7,99,4
7,100,4
7,101,4
7,102,3
7,103,3
7,104,4
7,105,4
7,106,4
7,107,3
7,108,4
7,109,4
7,110,4
7,111,4
7,112,4
7,113,4
7,114,4
7,115,4
7,116,4
7,117,4
7,118,4
7,119,3
7,120,3
7,121,3
7,122,5
7,123,4
7,124,4
7,125,4
8,9,4
8,10,4
8,11,4
8,12,3
8,13,3
8,14,3
8,15,4
8,16,4
8,17,4
8,18,4
8,19,4
8,20,4
8,21,4
8,22,4
8,23,4
8,24,4
8,25,4
8,26,4
8,27,4
8,28,4
8,29,3
8,30,3
8,31,4
8,32,3
8,33,4
8,34,4
8,35,4
8,36,4
8,37,4
8,38,4
8,39,4
8,40,4
8,41,4
8,42,4
8,43,4
8,44,5
8,45,4
8,46,4
8,47,4
8,48,4
8,49,4
8,50,4
8,51,3
8,52,4
8,53,3
8,54,4
8,55,4
8,56,5
8,57,4
8,58,4
8,59,4
8,60,4
8,61,4
8,62,4
8,63,4
8,64,5
8,65,4
8,66,4
8,67,4
8,68,4
8,69,4
8,70,3
8,71,4
8,72,4
8,73,4
8,74,3
8,75,4
8,76,3
8,77,4
8,78,4
8,79,4
8,80,4
8,81,4
8,82,4
8,83,4
8,84,4
8,85,4
8,86,3
8,87,4
8,88,4
8,89,4
8,90,4
8,91,4
8,92,4
8,93,4
8,94,4
8,95,4
8,96,4
8,97,3
8,98,4
8,99,4
8,100,4
8,101,3
8,102,4
8,103,3
8,104,4
8,105,3
8,106,3
8,107,4
8,108,4
8,109,4
8,110,4
8,111,4
8,112,4
8,113,3
8,114,4
8,115,4
8,116,4
8,117,3
8,118,4
8,119,4
8,120,4
8,121,4
8,122,4
8,123,4
8,124,4
8,125,4
9,10,3
9,11,4
9,12,4
9,13,4
9,14,4
9,15,4
9,16,4
9,17,5
9,18,4
9,19,4
9,20,4
9,21,4
9,22,4
9,23,4
9,24,4
9,25,4
9,26,4
9,27,3
9,28,3
9,29,4
9,30,4
9,31,4
9,32,3
9,33,4
9,34,4
9,35,4
9,36,4
9,37,4
9,38,4
9,39,4
9,40,4
9,41,4
9,42,3
9,43,4
9,44,4
9,45,4
9,46,4
9,47,3
9,48,4
9,49,4
9,50,4
9,51,4
9,52,4
9,53,4
9,54,4
9,55,4
9,56,4
9,57,4
9,58,4
9,59,3
9,60,3
9,61,4
9,62,4
9,63,4
9,64,4
9,65,4
9,66,3
9,67,4
9,68,4
9,69,4
9,70,4
9,71,4
9,72,4
9,73,4
9,74,3
9,75,4
9,76,4
9,77,3
9,78,4
9,79,5
9,80,4
9,81,4
9,82,4
9,83,4
9,84,4
9,85,4
9,86,3
9,87,4
9,88,3
9,89,4
9,90,4
9,91,4
9,92,4
9,93,4
9,94,4
9,95,4
9,96,4
9,97,3
9,98,4
9,99,4
9,100,4
9,101,3
9,102,3
9,103,3
9,104,4
9,105,4
9,106,4
9,107,3
9,108,4
9,109,4
9,110,4
9,111,4
9,112,4
9,113,4
9,114,4
9,115,5
9,116,4
9,117,4
9,118,4
9,119,4
9,120,4
9,121,5
9,122,3
9,123,4
9,124,4
9,125,4
10,11,4
10,12,4
10,13,4
10,14,4
10,15,4
10,16,4
10,17,4
10,18,4
10,19,4
10,20,3
10,21,5
10,22,4
10,23,3
10,24,4
10,25,4
10,26,4
10,27,3
10,28,4
10,29,4
10,30,4
10,31,4
10,32,4
10,33,4
10,34,4
10,35,4
10,36,4
10,37,4
10,38,4
10,39,4
10,40,4
10,41,3
10,42,3
10,43,4
10,44,4
10,45,4
10,46,4
10,47,4
10,48,4
10,49,4
10,50,4
10,51,4
10,52,4
10,53,4
10,54,4
10,55,4
10,56,4
10,57,4
10,58,4
10,59,3
10,60,4
10,61,4
10,62,4
10,63,4
10,64,4
10,65,4
10,66,4
10,67,3
10,68,4
10,69,4
10,70,4
10,71,4
10,72,4
10,73,4
10,74,4
10,75,4
10,76,3
10,77,4
10,78,4
10,79,4
10,80,4
10,81,4
10,82,4
10,83,4
10,84,4
10,85,4
10,86,4
10,87,4
10,88,3
10,89,4
10,90,3
10,91,4
10,92,4
10,93,4
10,94,4
10,95,4
10,96,4
10,97,3
10,98,4
10,99,4
10,100,3
10,101,3
10,102,4
10,103,5
10,104,4
10,105,4
10,106,4
10,107,3
10,108,4
10,109,4
10,110,4
10,111,4
10,112,4
10,113,4
10,114,4
10,115,4
10,116,4
10,117,4
10,118,3
10,119,4
10,120,4
10,121,4
10,122,3
10,123,4
10,124,4
10,125,4
11,12,4
11,13,4
11,14,4
11,15,4
11,16,4
11,17,4
11,18,4
11,19,4
11,20,4
11,21,4
11,22,3
11,23,4
11,24,5
11,25,4
11,26,4
11,27,4
11,28,4
11,29,4
11,30,4
11,31,4
11,32,3
11,33,4
11,34,4
11,35,3
11,36,4
11,37,3
11,38,4
11,39,3
11,40,4
11,41,4
11,42,3
11,43,4
11,44,4
11,45,4
11,46,4
11,47,4
11,48,4
11,49,4
11,50,4
11,51,4
11,52,5
11,53,4
11,54,4
11,55,3
11,56,4
11,57,3
11,58,4
11,59,4
11,60,4
11,61,4
11,62,4
11,63,4
11,64,3
11,65,4
11,66,4
11,67,4
11,68,4
11,69,4
11,70,4
11,71,4
11,72,4
11,73,4
11,74,4
11,75,4
11,76,4
11,77,4
11,78,4
11,79,4
11,80,4
11,81,4
11,82,4
11,83,4
11,84,4
11,85,4
11,86,3
11,87,4
11,88,4
11,89,4
11,90,4
11,91,3
11,92,3
11,93,4
11,94,4
11,95,3
11,96,4
11,97,4
11,98,4
11,99,4
11,100,4
11,101,4
11,102,3
11,103,4
11,104,4
11,105,3
11,106,4
11,107,3
11,108,3
11,109,4
11,110,4
11,111,4
11,112,4
11,113,4
11,114,4
11,115,4
11,116,4
11,117,4
11,118,4
11,119,4
11,120,4
11,121,4
11,122,3
11,123,4
11,124,3
11,125,4
12,13,3
12,14,4
12,15,3
12,16,4
12,17,4
12,18,4
12,19,4
12,20,4
12,21,4
12,22,3
12,23,4
12,24,4
12,25,3
12,26,4
12,27,4
12,28,3
12,29,3
12,30,4
12,31,4
12,32,4
12,33,3
12,34,4
12,35,4
12,36,4
12,37,4
12,38,4
12,39,4
12,40,4
12,41,4
12,42,3
12,43,4
12,44,4
12,45,4
12,46,4
12,47,4
12,48,4
12,49,4
12,50,4
12,51,4
12,52,5
12,53,4
12,54,3
12,55,4
12,56,4
12,57,3
12,58,5
12,59,4
12,60,4
12,61,4
12,62,4
12,63,4
12,64,5
12,65,4
12,66,4
12,67,4
12,68,4
12,69,4
12,70,4
12,71,4
12,72,4
12,73,4
12,74,3
12,75,4
12,76,4
12,77,4
12,78,4
12,79,4
12,80,4
12,81,4
12,82,3
12,83,4
12,84,4
12,85,4
12,86,4
12,87,4
12,88,4
12,89,4
12,90,4
12,91,4
12,92,4
12,93,4
12,94,4
12,95,4
12,96,4
12,97,4
12,98,4
12,99,4
12,100,3
12,101,4
12,102,4
12,103,4
12,104,4
12,105,3
12,106,4
12,107,4
12,108,4
12,109,4
12,110,3
12,111,4
12,112,3
12,113,4
12,114,4
12,115,4
12,116,4
12,117,4
12,118,4
12,119,3
12,120,4
12,121,4
12,122,4
12,123,4
12,124,4
12,125,4
13,14,4
13,15,4
13,16,4
13,17,4
13,18,3
13,19,4
13,20,4
13,21,4
13,22,4
13,23,4
13,24,4
13,25,4
13,26,4
13,27,4
13,28,4
13,29,4
13,30,4
13,31,3
13,32,4
13,33,4
13,34,4
13,35,4
13,36,3
13,37,4
13,38,4
13,39,4
13,40,4
13,41,4
13,42,4
13,43,4
13,44,3
13,45,4
13,46,3
13,47,3
13,48,4
13,49,4
13,50,4
13,51,4
13,52,3
13,53,3
13,54,4
13,55,4
13,56,3
13,57,4
13,58,4
13,59,4
13,60,4
13,61,4
13,62,4
13,63,4
13,64,4
13,65,3
13,66,4
13,67,4
13,68,5
13,69,4
13,70,4
13,71,3
13,72,4
13,73,3
13,74,4
13,75,4
13,76,4
13,77,5
13,78,4
13,79,4
13,80,4
13,81,4
13,82,4
13,83,4
13,84,4
13,85,4
13,86,4
13,87,4
13,88,4
13,89,4
13,90,4
13,91,4
13,92,4
13,93,4
13,94,4
13,95,4
13,96,4
13,97,4
13,98,4
13,99,4
13,100,4
13,101,3
13,102,4
13,103,4
13,104,3
13,105,4
13,106,4
13,107,4
13,108,3
13,109,4
13,110,4
13,111,4
13,112,4
13,113,4
13,114,4
13,115,4
13,116,4
13,117,4
13,118,4
13,119,4
13,120,4
13,121,4
13,122,4
13,123,4
13,124,4
13,125,4
14,15,4
14,16,3
14,17,3
14,18,4
14,19,4
14,20,4
14,21,5
14,22,4
14,23,4
14,24,4
14,25,4
14,26,4
14,27,4
14,28,4
14,29,4
14,30,4
14,31,4
14,32,4
14,33,4
14,34,4
14,35,3
14,36,4
14,37,4
14,38,4
14,39,4
14,40,4
14,41,4
14,42,4
14,43,4
14,44,4
14,45,4
14,46,4
14,47,3
14,48,4
14,49,4
14,50,4
14,51,4
14,52,3
14,53,5
14,54,3
14,55,4
14,56,4
14,57,4
14,58,4
14,59,4
14,60,4
14,61,4
14,62,4
14,63,4
14,64,4
14,65,4
14,66,4
14,67,4
14,68,3
14,69,3
14,70,4
14,71,4
14,72,4
14,73,4
14,74,4
14,75,4
14,76,4
14,77,4
14,78,4
14,79,4
14,80,4
14,81,4
14,82,4
14,83,3
14,84,4
14,85,4
14,86,4
14,87,4
14,88,4
14,89,4
14,90,4
14,91,4
14,92,4
14,93,3
14,94,4
14,95,4
14,96,3
14,97,3
14,98,4
14,99,4
14,100,3
14,101,4
14,102,4
14,103,4
14,104,4
14,105,4
14,106,4
14,107,4
14,108,4
14,109,3
14,110,3
14,111,4
14,112,4
14,113,3
14,114,4
14,115,4
14,116,4
14,117,4
14,118,4
14,119,3
14,120,4
14,121,4
14,122,4
14,123,4
14,124,4
14,125,4
15,16,3
15,17,4
15,18,4
15,19,4
15,20,4
15,21,3
15,22,4
15,23,4
15,24,4
15,25,4
15,26,4
15,27,4
15,28,4
15,29,4
15,30,3
15,31,4
15,32,3
15,33,4
15,34,4
15,35,4
15,36,4
15,37,4
15,38,4
15,39,4
15,40,5
15,41,3
15,42,4
15,43,4
15,44,4
15,45,4
15,46,4
15,47,4
15,48,4
15,49,4
15,50,4
15,51,4
15,52,5
15,53,4
15,54,4
15,55,4
15,56,4
15,57,4
15,58,3
15,59,4
15,60,4
15,61,3
15,62,4
15,63,4
15,64,4
15,65,3
15,66,4
15,67,4
15,68,4
15,69,3
15,70,3
15,71,4
15,72,4
15,73,4
15,74,3
15,75,4
15,76,4
15,77,3
15,78,3
15,79,3
15,80,4
15,81,4
15,82,4
15,83,4
15,84,4
15,85,4
15,86,4
15,87,4
15,88,4
15,89,4
15,90,3
15,91,4
15,92,4
15,93,4
15,94,4
15,95,4
15,96,4
15,97,4
15,98,4
15,99,4
15,100,4
15,101,4
15,102,4
15,103,4
15,104,4
15,105,4
15,106,4
15,107,4
15,108,4
15,109,3
15,110,4
15,111,4
15,112,4
15,113,4
15,114,4
15,115,4
15,116,4
15,117,4
15,118,4
15,119,4
15,120,5
15,121,4
15,122,4
15,123,4
15,124,4
15,125,4
16,17,4
16,18,4
16,19,4
16,20,4
16,21,4
16,22,4
16,23,4
16,24,4
16,25,4
16,26,4
16,27,4
16,28,4
16,29,4
16,30,4
16,31,4
16,32,4
16,33,3
16,34,4
16,35,4
16,36,4
16,37,4
16,38,3
16,39,3
16,40,4
16,41,4
16,42,4
16,43,4
16,44,4
16,45,4
16,46,4
16,47,4
16,48,3
16,49,4
16,50,4
16,51,4
16,52,4
16,53,4
16,54,4
16,55,4
16,56,4
16,57,4
16,58,4
16,59,3
16,60,4
16,61,4
16,62,4
16,63,4
16,64,4
16,65,4
16,66,4
16,67,4
16,68,4
16,69,4
16,70,4
16,71,4
16,72,4
16,73,4
16,74,4
16,75,3
16,76,4
16,77,4
16,78,3
16,79,3
16,80,4
16,81,3
16,82,4
16,83,3
16,84,4
16,85,4
16,86,4
16,87,4
16,88,5
16,89,4
16,90,4
16,91,4
16,92,4
16,93,4
16,94,4
16,95,3
16,96,3
16,97,4
16,98,4
16,99,3
16,100,4
16,101,4
16,102,4
16,103,4
16,104,3
16,105,4
16,106,4
16,107,4
16,108,3
16,109,4
16,110,4
16,111,4
16,112,5
16,113,4
16,114,4
16,115,4
16,116,4
16,117,5
16,118,3
16,119,3
16,120,4
16,121,4
16,122,4
16,123,4
16,124,4
16,125,4
17,18,3
17,19,4
17,20,4
17,21,3
17,22,4
17,23,3
17,24,4
17,25,4
17,26,4
17,27,4
17,28,4
17,29,4
17,30,4
17,31,4
17,32,3
17,33,4
17,34,4
17,35,4
17,36,4
17,37,5
17,38,4
17,39,4
17,40,4
17,41,4
17,42,4
17,43,4
17,44,4
17,45,4
17,46,4
17,47,3
17,48,4
17,49,4
17,50,4
17,51,4
17,52,4
17,53,4
17,54,3
17,55,4
17,56,4
17,57,4
17,58,4
17,59,4
17,60,4
17,61,3
17,62,4
17,63,4
17,64,4
17,65,4
17,66,3
17,67,4
17,68,3
17,69,4
17,70,4
17,71,4
17,72,4
17,73,4
17,74,4
17,75,4
17,76,3
17,77,4
17,78,4
17,79,4
17,80,4
17,81,4
17,82,4
17,83,4
17,84,4
17,85,4
17,86,4
17,87,3
17,88,4
17,89,4
17,90,4
17,91,4
17,92,4
17,93,4
17,94,3
17,95,3
17,96,4
17,97,4
17,98,5
17,99,4
17,100,3
17,101,4
17,102,3
17,103,3
17,104,5
17,105,5
17,106,4
17,107,4
17,108,4
17,109,4
17,110,4
17,111,4
17,112,4
17,113,4
17,114,4
17,115,4
17,116,3
17,117,4
17,118,4
17,119,4
17,120,4
17,121,4
17,122,4
17,123,3
17,124,3
17,125,4
18,19,4
18,20,3
18,21,4
18,22,4
18,23,4
18,24,4
18,25,4
18,26,5
18,27,4
18,28,4
18,29,4
18,30,4
18,31,3
18,32,4
18,33,3
18,34,3
18,35,4
18,36,4
18,37,4
18,38,4
18,39,4
18,40,4
18,41,4
18,42,4
18,43,4
18,44,4
18,45,4
18,46,4
18,47,4
18,48,4
18,49,5
18,50,4
18,51,4
18,52,4
18,53,4
18,54,4
18,55,3
18,56,3
18,57,4
18,58,4
18,59,4
18,60,3
18,61,4
18,62,4
18,63,4
18,64,4
18,65,4
18,66,4
18,67,5
18,68,4
18,69,4
18,70,3
18,71,4
18,72,4
18,73,4
18,74,4
18,75,4
18,76,4
18,77,4
18,78,4
18,79,4
18,80,3
18,81,4
18,82,4
18,83,3
18,84,4
18,85,4
18,86,4
18,87,4
18,88,4
18,89,4
18,90,3
18,91,5
18,92,4
18,93,3
18,94,4
18,95,4
18,96,3
18,97,5
18,98,3
18,99,4
18,100,4
18,101,3
18,102,4
18,103,4
18,104,4
18,105,4
18,106,4
18,107,4
18,108,4
18,109,4
18,110,4
18,111,4
18,112,4
18,113,4
18,114,4
18,115,4
18,116,4
18,117,4
18,118,3
18,119,3
18,120,4
18,121,4
18,122,4
18,123,4
18,124,4
18,125,3
19,20,4
19,21,4
19,22,3
19,23,4
19,24,4
19,25,4
19,26,4
19,27,4
19,28,4
19,29,4
19,30,3
19,31,4
19,32,4
19,33,3
19,34,4
19,35,4
19,36,4
19,37,3
19,38,4
19,39,4
19,40,4
19,41,4
19,42,4
19,43,4
19,44,4
19,45,4
19,46,3
19,47,4
19,48,4
19,49,4
19,50,4
19,51,4
19,52,4
19,53,4
19,54,4
19,55,3
19,56,3
19,57,3
19,58,3
19,59,4
19,60,4
19,61,3
19,62,4
19,63,4
19,64,4
19,65,3
19,66,4
19,67,4
19,68,4
19,69,4
19,70,4
19,71,4
19,72,5
19,73,4
19,74,4
19,75,4
19,76,4
19,77,5
19,78,3
19,79,4
19,80,4
19,81,4
19,82,4
19,83,4
19,84,4
19,85,3
19,86,4
19,87,4
19,88,4
19,89,3
19,90,4
19,91,4
19,92,4
19,93,4
19,94,4
19,95,3
19,96,4
19,97,4
19,98,3
19,99,4
19,100,4
19,101,4
19,102,4
19,103,4
19,104,4
19,105,4
19,106,4
19,107,4
19,108,4
19,109,5
19,110,4
19,111,4
19,112,3
19,113,4
19,114,4
19,115,4
19,116,4
19,117,4
19,118,3
19,119,4
19,120,4
19,121,4
19,122,4
19,123,4
19,124,4
19,125,4
20,21,4
20,22,4
20,23,5
20,24,4
20,25,4
20,26,4
20,27,5
20,28,4
20,29,4
20,30,3
20,31,4
20,32,4
20,33,4
20,34,3
20,35,4
20,36,4
20,37,4
20,38,4
20,39,4
20,40,3
20,41,4
20,42,4
20,43,4
20,44,4
20,45,4
20,46,4
20,47,4
20,48,4
20,49,4
20,50,3
20,51,3
20,52,3
20,53,4
20,54,4
20,55,4
20,56,4
20,57,3
20,58,4
20,59,4
20,60,4
20,61,4
20,62,4
20,63,4
20,64,4
20,65,3
20,66,4
20,67,4
20,68,4
20,69,4
20,70,4
20,71,3
20,72,4
20,73,4
20,74,4
20,75,4
20,76,4
20,77,4
20,78,4
20,79,4
20,80,4
20,81,5
20,82,4
20,83,5
20,84,4
20,85,4
20,86,4
20,87,3
20,88,3
20,89,3
20,90,4
20,91,3
20,92,4
20,93,4
20,94,4
20,95,3
20,96,4
20,97,4
20,98,4
20,99,4
20,100,4
20,101,4
20,102,4
20,103,3
20,104,5
20,105,4
20,106,4
20,107,4
20,108,4
20,109,4
20,110,4
20,111,4
20,112,4
20,113,4
20,114,4
20,115,4
20,116,4
20,117,4
20,118,4
20,119,4
20,120,3
20,121,4
20,122,4
20,123,3
20,124,4
20,125,4
21,22,4
21,23,4
21,24,4
21,25,4
21,26,3
21,27,4
21,28,3
21,29,4
21,30,4
21,31,4
21,32,4
21,33,4
21,34,3
21,35,3
21,36,4
21,37,4
21,38,3
21,39,4
21,40,4
21,41,4
21,42,4
21,43,4
21,44,3
21,45,4
21,46,4
21,47,4
21,48,3
21,49,4
21,50,4
21,51,3
21,52,4
21,53,4
21,54,4
21,55,4
21,56,4
21,57,4
21,58,3
21,59,4
21,60,4
21,61,4
21,62,4
21,63,4
21,64,4
21,65,4
21,66,4
21,67,4
21,68,4
21,69,4
21,70,3
21,71,4
21,72,3
21,73,4
21,74,4
21,75,4
21,76,4
21,77,4
21,78,4
21,79,4
21,80,4
21,81,4
21,82,4
21,83,4
21,84,4
21,85,4
21,86,4
21,87,4
21,88,3
21,89,4
21,90,4
21,91,4
21,92,3
21,93,4
21,94,4
21,95,3
21,96,4
21,97,4
21,98,5
21,99,4
21,100,4
21,101,4
21,102,4
21,103,4
21,104,4
21,105,4
21,106,3
21,107,4
21,108,4
21,109,4
21,110,4
21,111,4
21,112,4
21,113,4
21,114,3
21,115,4
21,116,4
21,117,4
21,118,4
21,119,4
21,120,4
21,121,4
21,122,4
21,123,4
21,124,4
21,125,4
22,23,3
22,24,4
22,25,3
22,26,4
22,27,4
22,28,4
22,29,4
22,30,3
22,31,4
22,32,4
22,33,4
22,34,4
22,35,4
22,36,4
22,37,4
22,38,4
22,39,4
22,40,3
22,41,4
22,42,4
22,43,4
22,44,4
22,45,4
22,46,4
22,47,4
22,48,3
22,49,4
22,50,4
22,51,3
22,52,3
22,53,4
22,54,4
22,55,4
22,56,4
22,57,4
22,58,4
22,59,4
22,60,4
22,61,4
22,62,4
22,63,4
22,64,4
22,65,4
22,66,4
22,67,4
22,68,4
22,69,4
22,70,4
22,71,4
22,72,4
22,73,4
22,74,4
22,75,4
22,76,4
22,77,3
22,78,4
22,79,4
22,80,4
22,81,4
22,82,4
22,83,4
22,84,4
22,85,4
22,86,5
22,87,4
22,88,4
22,89,4
22,90,4
22,91,5
22,92,4
22,93,4
22,94,4
22,95,4
22,96,4
22,97,4
22,98,4
22,99,4
22,100,4
22,101,4
22,102,3
22,103,4
22,104,5
22,105,4
22,106,3
22,107,4
22,108,3
22,109,4
22,110,4
22,111,3
22,112,4
22,113,3
22,114,4
22,115,4
22,116,4
22,117,4
22,118,3
22,119,4
22,120,5
22,121,4
22,122,3
22,123,4
22,124,4
22,125,4
23,24,3
23,25,4
23,26,3
23,27,3
23,28,4
23,29,4
23,30,4
23,31,4
23,32,4
23,33,4
23,34,4
23,35,3
23,36,3
23,37,4
23,38,4
23,39,4
23,40,3
23,41,4
23,42,4
23,43,4
23,44,4
23,45,3
23,46,4
23,47,4
23,48,4
23,49,4
23,50,4
23,51,4
23,52,4
23,53,4
23,54,4
23,55,4
23,56,4
23,57,4
23,58,4
23,59,4
23,60,4
23,61,4
23,62,4
23,63,3
23,64,4
23,65,4
23,66,4
23,67,4
23,68,4
23,69,4
23,70,4
23,71,4
23,72,5
23,73,4
23,74,4
23,75,4
23,76,4
23,77,4
23,78,5
23,79,4
23,80,4
23,81,4
23,82,4
23,83,4
23,84,3
23,85,4
23,86,3
23,87,4
23,88,4
23,89,4
23,90,4
23,91,3
23,92,4
23,93,3
23,94,4
23,95,4
23,96,4
23,97,4
23,98,4
23,99,4
23,100,3
23,101,4
23,102,4
23,103,4
23,104,4
23,105,4
23,106,4
23,107,4
23,108,4
23,109,4
23,110,4
23,111,4
23,112,3
23,113,4
23,114,4
23,115,4
23,116,4
23,117,4
23,118,4
23,119,3
23,120,4
23,121,4
23,122,4
23,123,4
23,124,3
23,125,4
24,25,3
24,26,3
24,27,4
24,28,4
24,29,4
24,30,4
24,31,4
24,32,4
24,33,3
24,34,3
24,35,4
24,36,4
24,37,4
24,38,3
24,39,3
24,40,3
24,41,4
24,42,5
24,43,4
24,44,4
24,45,4
24,46,4
24,47,4
24,48,4
24,49,3
24,50,3
24,51,3
24,52,4
24,53,4
24,54,3
24,55,4
24,56,4
24,57,3
24,58,4
24,59,4
24,60,4
24,61,3
24,62,4
24,63,3
24,64,5
24,65,4
24,66,4
24,67,4
24,68,4
24,69,4
24,70,4
24,71,3
24,72,3
24,73,4
24,74,4
24,75,4
24,76,4
24,77,4
24,78,4
24,79,4
24,80,4
24,81,4
24,82,4
24,83,4
24,84,4
24,85,4
24,86,4
24,87,4
24,88,3
24,89,5
24,90,4
24,91,4
24,92,4
24,93,5
24,94,4
24,95,4
24,96,4
24,97,4
24,98,3
24,99,3
24,100,4
24,101,4
24,102,4
24,103,4
24,104,4
24,105,4
24,106,4
24,107,4
24,108,4
24,109,4
24,110,3
24,111,4
24,112,4
24,113,4
24,114,5
24,115,4
24,116,4
24,117,4
24,118,4
24,119,4
24,120,4
24,121,4
24,122,4
24,123,3
24,124,4
24,125,4
25,26,4
25,27,3
25,28,4
25,29,4
25,30,4
25,31,3
25,32,4
25,33,5
25,34,4
25,35,4
25,36,4
25,37,4
25,38,4
25,39,4
25,40,3
25,41,4
25,42,4
25,43,4
25,44,5
25,45,4
25,46,4
25,47,4
25,48,4
25,49,3
25,50,5
25,51,4
25,52,4
25,53,4
25,54,4
25,55,4
25,56,4
25,57,4
25,58,4
25,59,4
25,60,4
25,61,4
25,62,4
25,63,4
25,64,4
25,65,4
25,66,4
25,67,4
25,68,4
25,69,3
25,70,4
25,71,4
25,72,3
25,73,4
25,74,4
25,75,3
25,76,3
25,77,4
25,78,4
25,79,4
25,80,4
25,81,3
25,82,4
25,83,4
25,84,4
25,85,4
25,86,4
25,87,4
25,88,4
25,89,4
25,90,4
25,91,4
25,92,4
25,93,4
25,94,3
25,95,4
25,96,4
25,97,4
25,98,4
25,99,4
25,100,3
25,101,3
25,102,4
25,103,4
25,104,4
25,105,4
25,106,3
25,107,4
25,108,4
25,109,4
25,110,4
25,111,4
25,112,4
25,113,4
25,114,4
25,115,3
25,116,3
25,117,4
25,118,4
25,119,4
25,120,4
25,121,4
25,122,4
25,123,4
25,124,4
25,125,3
26,27,4
26,28,4
26,29,4
26,30,4
26,31,4
26,32,4
26,33,4
26,34,3
26,35,4
26,36,4
26,37,4
26,38,4
26,39,4
26,40,4
26,41,3
26,42,3
26,43,3
26,44,3
26,45,4
26,46,4
26,47,4
26,48,4
26,49,4
26,50,4
26,51,4
26,52,4
26,53,4
26,54,3
26,55,4
26,56,4
26,57,4
26,58,4
26,59,3
26,60,4
26,61,4
26,62,4
26,63,4
26,64,4
26,65,4
26,66,4
26,67,4
26,68,4
26,69,4
26,70,4
26,71,4
26,72,5
26,73,4
26,74,3
26,75,4
26,76,4
26,77,4
26,78,4
26,79,4
26,80,4
26,81,4
26,82,3
26,83,3
26,84,4
26,85,3
26,86,4
26,87,4
26,88,4
26,89,4
26,90,4
26,91,4
26,92,4
26,93,4
26,94,4
26,95,4
26,96,4
26,97,4
26,98,4
26,99,4
26,100,5
26,101,4
26,102,4
26,103,4
26,104,3
26,105,4
26,106,4
26,107,4
26,108,4
26,109,4
26,110,4
26,111,3
26,112,4
26,113,4
26,114,4
26,115,4
26,116,4
26,117,4
26,118,4
26,119,4
26,120,4
26,121,4
26,122,3
26,123,3
26,124,4
26,125,4
27,28,4
27,29,4
27,30,4
27,31,4
27,32,4
27,33,4
27,34,4
27,35,4
27,36,4
27,37,4
27,38,4
27,39,4
27,40,4
27,41,4
27,42,4
27,43,4
27,44,4
27,45,4
27,46,4
27,47,3
27,48,3
27,49,4
27,50,4
27,51,5
27,52,4
27,53,4
27,54,4
27,55,4
27,56,4
27,57,4
27,58,4
27,59,4
27,60,4
27,61,3
27,62,4
27,63,4
27,64,4
27,65,4
27,66,4
27,67,3
27,68,3
27,69,3
27,70,4
27,71,3
27,72,4
27,73,4
27,74,4
27,75,4
27,76,4
27,77,4
27,78,4
27,79,4
27,80,4
27,81,4
27,82,3
27,83,4
27,84,4
27,85,4
27,86,4
27,87,4
27,88,4
27,89,4
27,90,4
27,91,4
27,92,5
27,93,4
27,94,4
27,95,4
27,96,4
27,97,4
27,98,3
27,99,3
27,100,4
27,101,4
27,102,4
27,103,4
27,104,3
27,105,3
27,106,4
27,107,4
27,108,3
27,109,4
27,110,4
27,111,4
27,112,4
27,113,3
27,114,4
27,115,4
27,116,5
27,117,4
27,118,4
27,119,4
27,120,3
27,121,4
27,122,4
27,123,4
27,124,3
27,125,4
28,29,3
28,30,4
28,31,3
28,32,4
28,33,3
28,34,4
28,35,4
28,36,4
28,37,3
28,38,4
28,39,4
28,40,4
28,41,4
28,42,4
28,43,4
28,44,4
28,45,4
28,46,4
28,47,4
28,48,5
28,49,4
28,50,4
28,51,5
28,52,4
28,53,4
28,54,4
28,55,3
28,56,4
28,57,4
28,58,4
28,59,4
28,60,4
28,61,4
28,62,3
28,63,3
28,64,4
28,65,3
28,66,4
28,67,4
28,68,4
28,69,4
28,70,4
28,71,4
28,72,4
28,73,3
28,74,4
28,75,3
28,76,4
28,77,3
28,78,4
28,79,3
28,80,4
28,81,4
28,82,4
28,83,4
28,84,4
28,85,4
28,86,4
28,87,4
28,88,4
28,89,4
28,90,4
28,91,4
28,92,4
28,93,4
28,94,4
28,95,5
28,96,3
28,97,4
28,98,4
28,99,4
28,100,4
28,101,4
28,102,4
28,103,4
28,104,4
28,105,4
28,106,4
28,107,4
28,108,4
28,109,4
28,110,4
28,111,3
28,112,4
28,113,4
28,114,4
28,115,4
28,116,4
28,117,4
28,118,4
28,119,4
28,120,4
28,121,4
28,122,4
28,123,3
28,124,4
28,125,3
29,30,3
29,31,4
29,32,4
29,33,4
29,34,3
29,35,4
29,36,4
29,37,4
29,38,4
29,39,4
29,40,3
29,41,4
29,42,4
29,43,4
29,44,4
29,45,4
29,46,4
29,47,4
29,48,3
29,49,4
29,50,4
29,51,4
29,52,4
29,53,4
29,54,4
29,55,5
29,56,4
29,57,4
29,58,4
29,59,3
29,60,3
29,61,4
29,62,4
29,63,4
29,64,4
29,65,4
29,66,4
29,67,4
29,68,4
29,69,4
29,70,4
29,71,4
29,72,4
29,73,3
29,74,4
29,75,4
29,76,4
29,77,4
29,78,4
29,79,4
29,80,4
29,81,3
29,82,4
29,83,4
29,84,4
29,85,4
29,86,4
29,87,3
29,88,4
29,89,4
29,90,4
29,91,4
29,92,4
29,93,4
29,94,4
29,95,4
29,96,4
29,97,3
29,98,4
29,99,3
29,100,4
29,101,5
29,102,4
29,103,4
29,104,3
29,105,4
29,106,4
29,107,3
29,108,4
29,109,4
29,110,3
29,111,4
29,112,3
29,113,4
29,114,4
29,115,4
29,116,4
29,117,4
29,118,4
29,119,4
29,120,4
29,121,4
29,122,4
29,123,4
29,124,4
29,125,4
30,31,4
30,32,3
30,33,4
30,34,4
30,35,4
30,36,3
30,37,4
30,38,4
30,39,4
30,40,4
30,41,4
30,42,4
30,43,4
30,44,4
30,45,4
30,46,4
30,47,4
30,48,3
30,49,4
30,50,4
30,51,4
30,52,3
30,53,3
30,54,4
30,55,5
30,56,4
30,57,4
30,58,4
30,59,4
30,60,4
30,61,3
30,62,3
30,63,3
30,64,4
30,65,4
30,66,4
30,67,4
30,68,4
30,69,4
30,70,4
30,71,4
30,72,4
30,73,4
30,74,4
30,75,4
30,76,4
30,77,4
30,78,4
30,79,3
30,80,4
30,81,4
30,82,4
30,83,3
30,84,4
30,85,4
30,86,4
30,87,4
30,88,4
30,89,4
30,90,4
30,91,4
30,92,4
30,93,4
30,94,4
30,95,4
30,96,4
30,97,4
30,98,3
30,99,4
30,100,4
30,101,4
30,102,3
30,103,4
30,104,4
30,105,4
30,106,4
30,107,4
30,108,4
30,109,4
30,110,4
30,111,4
30,112,4
30,113,4
30,114,3
30,115,4
30,116,4
30,117,5
30,118,4
30,119,4
30,120,4
30,121,4
30,122,4
30,123,4
30,124,4
30,125,4
31,32,4
31,33,3
31,34,4
31,35,3
31,36,5
31,37,4
31,38,4
31,39,4
31,40,3
31,41,3
31,42,3
31,43,4
31,44,4
31,45,4
31,46,4
31,47,4
31,48,4
31,49,4
31,50,3
31,51,4
31,52,4
31,53,4
31,54,4
31,55,4
31,56,4
31,57,3
31,58,4
31,59,3
31,60,4
31,61,3
31,62,4
31,63,4
31,64,4
31,65,4
31,66,4
31,67,4
31,68,4
31,69,4
31,70,4
31,71,4
31,72,4
31,73,4
31,74,3
31,75,4
31,76,4
31,77,4
31,78,4
31,79,4
31,80,4
31,81,4
31,82,4
31,83,4
31,84,4
31,85,4
31,86,3
31,87,4
31,88,4
31,89,4
31,90,4
31,91,4
31,92,3
31,93,4
31,94,3
31,95,4
31,96,4
31,97,4
31,98,4
31,99,4
31,100,4
31,101,4
31,102,4
31,103,3
31,104,4
31,105,4
31,106,4
31,107,5
31,108,4
31,109,4
31,110,4
31,111,4
31,112,4
31,113,4
31,114,3
31,115,4
31,116,4
31,117,4
31,118,4
31,119,4
31,120,4
31,121,4
31,122,4
31,123,4
31,124,4
31,125,4
32,33,4
32,34,4
32,35,4
32,36,4
32,37,3
32,38,4
32,39,4
32,40,4
32,41,3
32,42,3
32,43,4
32,44,4
32,45,3
32,46,4
32,47,4
32,48,4
32,49,4
32,50,4
32,51,4
32,52,4
32,53,4
32,54,4
32,55,4
32,56,4
32,57,4
32,58,4
32,59,4
32,60,4
32,61,4
32,62,3
32,63,4
32,64,3
32,65,4
32,66,4
32,67,4
32,68,4
32,69,4
32,70,4
32,71,4
32,72,4
32,73,4
32,74,4
32,75,4
32,76,4
32,77,4
32,78,3
32,79,4
32,80,4
32,81,4
32,82,4
32,83,4
32,84,4
32,85,4
32,86,3
32,87,4
32,88,4
32,89,4
32,90,4
32,91,4
32,92,4
32,93,4
32,94,4
32,95,4
32,96,4
32,97,4
32,98,4
32,99,4
32,100,5
32,101,5
32,102,4
32,103,4
32,104,4
32,105,4
32,106,4
32,107,3
32,108,4
32,109,3
32,110,3
32,111,4
32,112,4
32,113,4
32,114,4
32,115,4
32,116,4
32,117,4
32,118,4
32,119,4
32,120,4
32,121,4
32,122,4
32,123,3
32,124,4
32,125,4
33,34,4
33,35,4
33,36,5
33,37,4
33,38,4
33,39,4
33,40,4
33,41,4
33,42,4
33,43,4
33,44,4
33,45,4
33,46,4
33,47,4
33,48,3
33,49,4
33,50,4
33,51,4
33,52,4
33,53,4
33,54,4
33,55,4
33,56,5
33,57,3
33,58,4
33,59,4
33,60,4
33,61,4
33,62,4
33,63,4
33,64,4
33,65,3
33,66,4
33,67,3
33,68,4
33,69,4
33,70,4
33,71,4
33,72,4
33,73,4
33,74,4
33,75,4
33,76,4
33,77,4
33,78,4
33,79,4
33,80,4
33,81,4
33,82,4
33,83,4
33,84,3
33,85,4
33,86,4
33,87,4
33,88,4
33,89,4
33,90,3
33,91,4
33,92,4
33,93,4
33,94,4
33,95,4
33,96,4
33,97,4
33,98,5
33,99,4
33,100,4
33,101,4
33,102,3
33,103,4
33,104,4
33,105,3
33,106,4
33,107,4
33,108,4
33,109,5
33,110,4
33,111,4
33,112,4
33,113,4
33,114,4
33,115,4
33,116,3
33,117,4
33,118,3
33,119,4
33,120,4
33,121,4
33,122,4
33,123,4
33,124,3
33,125,4
34,35,4
34,36,4
34,37,4
34,38,3
34,39,4
34,40,4
34,41,4
34,42,4
34,43,4
34,44,4
34,45,3
34,46,4
34,47,3
34,48,4
34,49,4
34,50,4
34,51,4
34,52,4
34,53,4
34,54,4
34,55,4
34,56,4
34,57,4
34,58,4
34,59,4
34,60,4
34,61,4
34,62,4
34,63,4
34,64,4
34,65,4
34,66,4
34,67,4
34,68,4
34,69,3
34,70,4
34,71,4
34,72,4
34,73,4
34,74,4
34,75,4
34,76,4
34,77,3
34,78,4
34,79,3
34,80,4
34,81,4
34,82,4
34,83,4
34,84,4
34,85,4
34,86,3
34,87,4
34,88,4
34,89,4
34,90,3
34,91,4
34,92,4
34,93,4
34,94,4
34,95,4
34,96,4
34,97,4
34,98,4
34,99,4
34,100,4
34,101,4
34,102,4
34,103,3
34,104,4
34,105,4
34,106,4
34,107,4
34,108,4
34,109,4
34,110,4
34,111,4
34,112,4
34,113,4
34,114,4
34,115,4
34,116,4
34,117,4
34,118,4
34,119,4
34,120,4
34,121,4
34,122,4
34,123,3
34,124,4
34,125,4
35,36,4
35,37,4
35,38,4
35,39,4
35,40,4
35,41,5
35,42,4
35,43,4
35,44,4
35,45,4
35,46,4
35,47,4
35,48,4
35,49,4
35,50,4
35,51,4
35,52,4
35,53,4
35,54,3
35,55,4
35,56,4
35,57,4
35,58,4
35,59,4
35,60,4
35,61,4
35,62,4
35,63,4
35,64,4
35,65,5
35,66,4
35,67,3
35,68,4
35,69,4
35,70,4
35,71,3
35,72,4
35,73,4
35,74,4
35,75,4
35,76,4
35,77,4
35,78,4
35,79,4
35,80,4
35,81,3
35,82,4
35,83,4
35,84,3
35,85,3
35,86,4
35,87,4
35,88,4
35,89,4
35,90,4
35,91,4
35,92,4
35,93,3
35,94,4
35,95,4
35,96,4
35,97,4
35,98,4
35,99,4
35,100,4
35,101,4
35,102,4
35,103,4
35,104,3
35,105,3
35,106,3
35,107,4
35,108,4
35,109,4
35,110,3
35,111,4
35,112,4
35,113,4
35,114,4
35,115,4
35,116,4
35,117,4
35,118,3
35,119,4
35,120,3
35,121,4
35,122,4
35,123,4
35,124,4
35,125,4
36,37,4
36,38,4
36,39,4
36,40,4
36,41,4
36,42,4
36,43,4
36,44,3
36,45,4
36,46,4
36,47,4
36,48,4
36,49,4
36,50,4
36,51,4
36,52,3
36,53,4
36,54,3
36,55,4
36,56,3
36,57,4
36,58,4
36,59,4
36,60,4
36,61,4
36,62,3
36,63,4
36,64,4
36,65,4
36,66,3
36,67,4
36,68,4
36,69,4
36,70,4
36,71,4
36,72,4
36,73,4
36,74,3
36,75,4
36,76,4
36,77,3
36,78,3
36,79,4
36,80,4
36,81,4
36,82,3
36,83,4
36,84,4
36,85,3
36,86,4
36,87,4
36,88,4
36,89,4
36,90,4
36,91,4
36,92,4
36,93,3
36,94,4
36,95,4
36,96,4
36,97,4
36,98,4
36,99,4
36,100,4
36,101,4
36,102,4
36,103,4
36,104,5
36,105,3
36,106,3
36,107,5
36,108,4
36,109,4
36,110,4
36,111,4
36,112,3
36,113,5
36,114,4
36,115,4
36,116,4
36,117,4
36,118,4
36,119,4
36,120,3
36,121,4
36,122,4
36,123,4
36,124,3
36,125,3
37,38,4
37,39,3
37,40,4
37,41,4
37,42,4
37,43,4
37,44,3
37,45,4
37,46,4
37,47,4
37,48,3
37,49,5
37,50,4
37,51,4
37,52,4
37,53,5
37,54,4
37,55,3
37,56,3
37,57,4
37,58,4
37,59,4
37,60,4
37,61,4
37,62,4
37,63,4
37,64,4
37,65,4
37,66,4
37,67,4
37,68,4
37,69,4
37,70,4
37,71,4
37,72,4
37,73,4
37,74,4
37,75,4
37,76,4
37,77,4
37,78,3
37,79,4
37,80,4
37,81,4
37,82,4
37,83,4
37,84,4
37,85,3
37,86,4
37,87,4
37,88,4
37,89,4
37,90,4
37,91,3
37,92,4
37,93,4
37,94,4
37,95,3
37,96,4
37,97,3
37,98,4
37,99,4
37,100,4
37,101,4
37,102,4
37,103,4
37,104,5
37,105,4
37,106,3
37,107,4
37,108,4
37,109,4
37,110,4
37,111,4
37,112,4
37,113,4
37,114,4
37,115,4
37,116,4
37,117,4
37,118,3
37,119,4
37,120,4
37,121,4
37,122,3
37,123,4
37,124,4
37,125,4
38,39,4
38,40,4
38,41,4
38,42,3
38,43,4
38,44,4
38,45,4
38,46,4
38,47,4
38,48,3
38,49,4
38,50,4
38,51,4
38,52,3
38,53,4
38,54,3
38,55,4
38,56,4
38,57,4
38,58,4
38,59,3
38,60,4
38,61,4
38,62,3
38,63,4
38,64,4
38,65,4
38,66,4
38,67,3
38,68,4
38,69,4
38,70,4
38,71,4
38,72,4
38,73,4
38,74,4
38,75,4
38,76,4
38,77,4
38,78,4
38,79,4
38,80,4
38,81,4
38,82,4
38,83,4
38,84,4
38,85,4
38,86,4
38,87,4
38,88,4
38,89,4
38,90,4
38,91,4
38,92,3
38,93,4
38,94,4
38,95,4
38,96,4
38,97,4
38,98,4
38,99,4
38,100,4
38,101,3
38,102,4
38,103,4
38,104,4
38,105,4
38,106,4
38,107,4
38,108,4
38,109,4
38,110,4
38,111,4
38,112,4
38,113,3
38,114,4
38,115,4
38,116,4
38,117,4
38,118,4
38,119,4
38,120,3
38,121,4
38,122,4
38,123,4
38,124,3
38,125,4
39,40,4
39,41,4
39,42,4
39,43,3
39,44,4
39,45,3
39,46,4
39,47,4
39,48,4
39,49,5
39,50,4
39,51,4
39,52,4
39,53,4
39,54,3
39,55,5
39,56,4
39,57,3
39,58,3
39,59,4
39,60,3
39,61,4
39,62,4
39,63,4
39,64,4
39,65,4
39,66,4
39,67,4
39,68,4
39,69,4
39,70,4
39,71,5
39,72,4
39,73,4
39,74,4
39,75,4
39,76,4
39,77,4
39,78,4
39,79,3
39,80,4
39,81,4
39,82,4
39,83,4
39,84,4
39,85,4
39,86,3
39,87,4
39,88,4
39,89,4
39,90,3
39,91,3
39,92,4
39,93,4
39,94,4
39,95,4
39,96,4
39,97,4
39,98,4
39,99,5
39,100,4
39,101,3
39,102,4
39,103,4
39,104,4
39,105,4
39,106,4
39,107,4
39,108,4
39,109,3
39,110,4
39,111,4
39,112,3
39,113,4
39,114,4
39,115,3
39,116,3
39,117,4
39,118,5
39,119,4
39,120,3
39,121,4
39,122,4
39,123,4
39,124,4
39,125,4
40,41,4
40,42,4
40,43,5
40,44,4
40,45,4
40,46,4
40,47,4
40,48,4
40,49,4
40,50,4
40,51,4
40,52,4
40,53,4
40,54,4
40,55,4
40,56,4
40,57,4
40,58,4
40,59,4
40,60,4
40,61,4
40,62,4
40,63,4
40,64,4
40,65,4
40,66,4
40,67,3
40,68,4
40,69,4
40,70,4
40,71,4
40,72,4
40,73,4
40,74,4
40,75,4
40,76,4
40,77,4
40,78,4
40,79,4
40,80,3
40,81,3
40,82,3
40,83,3
40,84,4
40,85,4
40,86,4
40,87,4
40,88,4
40,89,3
40,90,4
40,91,4
40,92,3
40,93,4
40,94,4
40,95,4
40,96,4
40,97,4
40,98,4
40,99,4
40,100,4
40,101,4
40,102,4
40,103,4
40,104,3
40,105,4
40,106,4
40,107,4
40,108,4
40,109,4
40,110,4
40,111,4
40,112,4
40,113,4
40,114,4
40,115,4
40,116,4
40,117,4
40,118,4
40,119,3
40,120,4
40,121,3
40,122,4
40,123,4
40,124,3
40,125,4
41,42,4
41,43,4
41,44,4
41,45,4
41,46,4
41,47,3
41,48,3
41,49,5
41,50,4
41,51,4
41,52,3
41,53,4
41,54,4
41,55,4
41,56,4
41,57,4
41,58,4
41,59,4
41,60,3
41,61,5
41,62,4
41,63,4
41,64,3
41,65,4
41,66,4
41,67,4
41,68,3
41,69,4
41,70,4
41,71,4
41,72,3
41,73,4
41,74,4
41,75,4
41,76,4
41,77,4
41,78,4
41,79,4
41,80,4
41,81,4
41,82,4
41,83,4
41,84,3
41,85,3
41,86,4
41,87,4
41,88,4
41,89,4
41,90,4
41,91,4
41,92,4
41,93,4
41,94,4
41,95,4
41,96,3
41,97,4
41,98,4
41,99,4
41,100,4
41,101,4
41,102,4
41,103,4
41,104,4
41,105,4
41,106,3
41,107,3
41,108,4
41,109,3
41,110,4
41,111,4
41,112,4
41,113,4
41,114,4
41,115,3
41,116,4
41,117,3
41,118,4
41,119,4
41,120,5
41,121,4
41,122,4
41,123,4
41,124,4
41,125,4
42,43,4
42,44,4
42,45,4
42,46,4
42,47,4
42,48,4
42,49,4
42,50,4
42,51,3
42,52,3
42,53,4
42,54,4
42,55,3
42,56,4
42,57,4
42,58,4
42,59,4
42,60,4
42,61,3
42,62,4
42,63,5
42,64,4
42,65,4
42,66,3
42,67,4
42,68,4
42,69,4
42,70,4
42,71,3
42,72,4
42,73,4
42,74,4
42,75,4
42,76,4
42,77,3
42,78,4
42,79,4
42,80,4
42,81,4
42,82,4
42,83,4
42,84,4
42,85,4
42,86,4
42,87,4
42,88,4
42,89,4
42,90,4
42,91,3
42,92,4
42,93,4
42,94,4
42,95,4
42,96,4
42,97,4
42,98,4
42,99,4
42,100,4
42,101,4
42,102,4
42,103,4
42,104,4
42,105,4
42,106,4
42,107,4
42,108,3
42,109,4
42,110,4
42,111,4
42,112,4
42,113,3
42,114,4
42,115,3
42,116,4
42,117,4
42,118,4
42,119,4
42,120,4
42,121,4
42,122,4
42,123,4
42,124,4
42,125,4
43,44,4
43,45,4
43,46,3
43,47,4
43,48,4
43,49,4
43,50,4
43,51,4
43,52,4
43,53,4
43,54,4
43,55,4
43,56,3
43,57,4
43,58,4
43,59,4
43,60,4
43,61,4
43,62,4
43,63,3
43,64,4
43,65,4
43,66,4
43,67,4
43,68,5
43,69,4
43,70,3
43,71,3
43,72,4
43,73,4
43,74,4
43,75,3
43,76,4
43,77,4
43,78,4
43,79,3
43,80,4
43,81,3
43,82,4
43,83,4
43,84,4
43,85,4
43,86,4
43,87,4
43,88,4
43,89,3
43,90,4
43,91,4
43,92,4
43,93,4
43,94,4
43,95,4
43,96,4
43,97,4
43,98,3
43,99,4
43,100,3
43,101,4
43,102,4
43,103,4
43,104,4
43,105,4
43,106,4
43,107,4
43,108,4
43,109,4
43,110,4
43,111,4
43,112,4
43,113,4
43,114,4
43,115,3
43,116,3
43,117,4
43,118,4
43,119,3
43,120,4
43,121,4
43,122,4
43,123,4
43,124,3
43,125,4
44,45,4
44,46,4
44,47,4
44,48,4
44,49,3
44,50,4
44,51,3
44,52,3
44,53,4
44,54,4
44,55,4
44,56,3
44,57,3
44,58,4
44,59,4
44,60,3
44,61,4
44,62,3
44,63,4
44,64,4
44,65,4
44,66,4
44,67,4
44,68,4
44,69,4
44,70,4
44,71,4
44,72,4
44,73,4
44,74,4
44,75,4
44,76,4
44,77,4
44,78,4
44,79,4
44,80,4
44,81,3
44,82,3
44,83,4
44,84,4
44,85,3
44,86,4
44,87,4
44,88,4
44,89,4
44,90,4
44,91,4
44,92,3
44,93,4
44,94,4
44,95,4
44,96,4
44,97,4
44,98,4
44,99,4
44,100,4
44,101,4
44,102,4
44,103,4
44,104,4
44,105,4
44,106,4
44,107,4
44,108,4
44,109,3
44,110,4
44,111,3
44,112,4
44,113,4
44,114,4
44,115,4
44,116,4
44,117,5
44,118,4
44,119,4
44,120,4
44,121,4
44,122,4
44,123,4
44,124,4
44,125,4
45,46,3
45,47,4
45,48,4
45,49,3
45,50,4
45,51,4
45,52,4
45,53,3
45,54,4
45,55,4
45,56,4
45,57,4
45,58,4
45,59,4
45,60,4
45,61,4
45,62,4
45,63,4
45,64,4
45,65,4
45,66,4
45,67,4
45,68,3
45,69,4
45,70,4
45,71,4
45,72,4
45,73,4
45,74,4
45,75,4
45,76,4
45,77,4
45,78,3
45,79,4
45,80,3
45,81,4
45,82,4
45,83,4
45,84,4
45,85,4
45,86,4
45,87,4
45,88,4
45,89,4
45,90,4
45,91,4
45,92,4
45,93,4
45,94,4
45,95,3
45,96,4
45,97,4
45,98,4
45,99,4
45,100,4
45,101,3
45,102,4
45,103,4
45,104,4
45,105,4
45,106,4
45,107,4
45,108,4
45,109,3
45,110,4
45,111,4
45,112,4
45,113,4
45,114,4
45,115,4
45,116,4
45,117,3
45,118,3
45,119,4
45,120,4
45,121,4
45,122,4
45,123,4
45,124,4
45,125,4
46,47,3
46,48,4
46,49,4
46,50,4
46,51,4
46,52,5
46,53,4
46,54,4
46,55,4
46,56,3
46,57,4
46,58,3
46,59,4
46,60,4
46,61,4
46,62,4
46,63,4
46,64,4
46,65,4
46,66,4
46,67,4
46,68,4
46,69,3
46,70,4
46,71,4
46,72,4
46,73,4
46,74,4
46,75,3
46,76,4
46,77,4
46,78,4
46,79,4
46,80,4
46,81,4
46,82,5
46,83,4
46,84,4
46,85,4
46,86,3
46,87,3
46,88,4
46,89,4
46,90,5
46,91,4
46,92,4
46,93,4
46,94,4
46,95,4
46,96,3
46,97,3
46,98,4
46,99,4
46,100,4
46,101,4
46,102,4
46,103,3
46,104,4
46,105,4
46,106,3
46,107,4
46,108,4
46,109,3
46,110,4
46,111,4
46,112,3
46,113,4
46,114,4
46,115,3
46,116,4
46,117,4
46,118,4
46,119,4
46,120,4
46,121,3
46,122,4
46,123,4
46,124,4
46,125,3
47,48,4
47,49,4
47,50,4
47,51,4
47,52,4
47,53,3
47,54,4
47,55,4
47,56,4
47,57,4
47,58,4
47,59,4
47,60,4
47,61,4
47,62,4
47,63,4
47,64,4
47,65,4
47,66,4
47,67,3
47,68,4
47,69,4
47,70,4
47,71,4
47,72,4
47,73,4
47,74,4
47,75,4
47,76,4
47,77,3
47,78,4
47,79,4
47,80,4
47,81,4
47,82,4
47,83,4
47,84,4
47,85,4
47,86,4
47,87,4
47,88,3
47,89,5
47,90,4
47,91,4
47,92,5
47,93,3
47,94,4
47,95,4
47,96,4
47,97,4
47,98,5
47,99,4
47,100,4
47,101,5
47,102,4
47,103,4
47,104,4
47,105,4
47,106,4
47,107,4
47,108,4
47,109,4
47,110,4
47,111,4
47,112,4
47,113,3
47,114,4
47,115,4
47,116,3
47,117,3
47,118,4
47,119,4
47,120,4
47,121,4
47,122,4
47,123,4
47,124,3
47,125,3
48,49,4
48,50,4
48,51,5
48,52,4
48,53,4
48,54,3
48,55,4
48,56,4
48,57,5
48,58,4
48,59,4
48,60,4
48,61,4
48,62,4
48,63,4
48,64,4
48,65,4
48,66,3
48,67,4
48,68,4
48,69,3
48,70,3
48,71,3
48,72,4
48,73,4
48,74,5
48,75,4
48,76,3
48,77,4
48,78,4
48,79,4
48,80,4
48,81,4
48,82,4
48,83,3
48,84,4
48,85,4
48,86,4
48,87,4
48,88,4
48,89,4
48,90,4
48,91,4
48,92,4
48,93,4
48,94,4
48,95,5
48,96,4
48,97,4
48,98,4
48,99,4
48,100,4
48,101,3
48,102,4
48,103,4
48,104,4
48,105,4
48,106,4
48,107,3
48,108,4
48,109,4
48,110,4
48,111,4
48,112,3
48,113,4
48,114,4
48,115,4
48,116,4
48,117,4
48,118,4
48,119,4
48,120,4
48,121,4
48,122,3
48,123,4
48,124,4
48,125,4
49,50,4
49,51,3
49,52,4
49,53,4
49,54,4
49,55,4
49,56,4
49,57,4
49,58,4
49,59,4
49,60,4
49,61,4
49,62,4
49,63,3
49,64,4
49,65,4
49,66,4
49,67,4
49,68,3
49,69,3
49,70,4
49,71,3
49,72,4
49,73,3
49,74,4
49,75,4
49,76,4
49,77,3
49,78,4
49,79,4
49,80,4
49,81,3
49,82,4
49,83,4
49,84,4
49,85,4
49,86,4
49,87,3
49,88,4
49,89,4
49,90,4
49,91,4
49,92,3
49,93,4
49,94,4
49,95,4
49,96,4
49,97,4
49,98,3
49,99,4
49,100,4
49,101,4
49,102,4
49,103,3
49,104,4
49,105,4
49,106,3
49,107,4
49,108,3
49,109,4
49,110,4
49,111,5
49,112,4
49,113,4
49,114,4
49,115,4
49,116,4
49,117,3
49,118,4
49,119,4
49,120,4
49,121,4
49,122,3
49,123,4
49,124,4
49,125,4
50,51,3
50,52,4
50,53,3
50,54,4
50,55,4
50,56,4
50,57,3
50,58,4
50,59,4
50,60,4
50,61,4
50,62,4
50,63,4
50,64,4
50,65,4
50,66,4
50,67,4
50,68,4
50,69,4
50,70,4
50,71,4
50,72,4
50,73,4
50,74,4
50,75,3
50,76,4
50,77,4
50,78,4
50,79,4
50,80,4
50,81,4
50,82,4
50,83,4
50,84,3
50,85,3
50,86,3
50,87,3
50,88,3
50,89,3
50,90,4
50,91,4
50,92,4
50,93,4
50,94,3
50,95,4
50,96,4
50,97,5
50,98,4
50,99,4
50,100,3
50,101,4
50,102,4
50,103,4
50,104,4
50,105,4
50,106,4
50,107,4
50,108,3
50,109,4
50,110,5
50,111,4
50,112,3
50,113,4
50,114,4
50,115,4
50,116,4
50,117,4
50,118,4
50,119,4
50,120,4
50,121,4
50,122,3
50,123,4
50,124,4
50,125,4
51,52,4
51,53,4
51,54,4
51,55,3
51,56,4
51,57,4
51,58,3
51,59,4
51,60,4
51,61,4
51,62,4
51,63,4
51,64,3
51,65,4
51,66,4
51,67,4
51,68,4
51,69,4
51,70,4
51,71,3
51,72,4
51,73,4
51,74,5
51,75,4
51,76,3
51,77,4
51,78,4
51,79,4
51,80,4
51,81,4
51,82,4
51,83,4
51,84,4
51,85,5
51,86,4
51,87,4
51,88,4
51,89,4
51,90,4
51,91,4
51,92,4
51,93,4
51,94,3
51,95,5
51,96,4
51,97,4
51,98,3
51,99,4
51,100,3
51,101,4
51,102,4
51,103,3
51,104,3
51,105,3
51,106,4
51,107,4
51,108,4
51,109,4
51,110,4
51,111,3
51,112,4
51,113,4
51,114,4
51,115,4
51,116,4
51,117,4
51,118,5
51,119,4
51,120,4
51,121,4
51,122,4
51,123,4
51,124,4
51,125,4
52,53,4
52,54,5
52,55,4
52,56,4
52,57,3
52,58,4
52,59,4
52,60,4
52,61,4
52,62,4
52,63,4
52,64,3
52,65,4
52,66,3
52,67,4
52,68,3
52,69,4
52,70,4
52,71,4
52,72,4
52,73,3
52,74,4
52,75,4
52,76,3
52,77,4
52,78,4
52,79,4
52,80,4
52,81,4
52,82,4
52,83,4
52,84,4
52,85,4
52,86,3
52,87,4
52,88,4
52,89,5
52,90,5
52,91,4
52,92,4
52,93,4
52,94,4
52,95,4
52,96,3
52,97,3
52,98,4
52,99,4
52,100,4
52,101,4
52,102,4
52,103,3
52,104,4
52,105,5
52,106,4
52,107,4
52,108,4
52,109,4
52,110,4
52,111,4
52,112,4
52,113,3
52,114,4
52,115,4
52,116,3
52,117,3
52,118,4
52,119,5
52,120,4
52,121,3
52,122,4
52,123,4
52,124,4
52,125,4
53,54,4
53,55,4
53,56,3
53,57,4
53,58,4
53,59,4
53,60,4
53,61,4
53,62,4
53,63,3
53,64,3
53,65,3
53,66,4
53,67,4
53,68,4
53,69,4
53,70,4
53,71,4
53,72,3
53,73,4
53,74,4
53,75,4
53,76,4
53,77,4
53,78,4
53,79,4
53,80,4
53,81,4
53,82,4
53,83,4
53,84,4
53,85,4
53,86,4
53,87,4
53,88,4
53,89,4
53,90,4
53,91,4
53,92,4
53,93,4
53,94,4
53,95,4
53,96,3
53,97,4
53,98,4
53,99,3
53,100,3
53,101,4
53,102,4
53,103,4
53,104,3
53,105,4
53,106,4
53,107,5
53,108,4
53,109,4
53,110,4
53,111,4
53,112,4
53,113,4
53,114,3
53,115,4
53,116,4
53,117,4
53,118,4
53,119,4
53,120,4
53,121,4
53,122,4
53,123,3
53,124,4
53,125,3
54,55,4
54,56,4
54,57,3
54,58,4
54,59,4
54,60,4
54,61,4
54,62,4
54,63,4
54,64,4
54,65,4
54,66,5
54,67,4
54,68,4
54,69,3
54,70,4
54,71,4
54,72,4
54,73,4
54,74,4
54,75,4
54,76,4
54,77,4
54,78,4
54,79,4
54,80,4
54,81,4
54,82,4
54,83,3
54,84,3
54,85,4
54,86,4
54,87,4
54,88,4
54,89,4
54,90,4
54,91,4
54,92,4
54,93,5
54,94,4
54,95,3
54,96,4
54,97,3
54,98,4
54,99,4
54,100,4
54,101,4
54,102,4
54,103,4
54,104,4
54,105,4
54,106,4
54,107,3
54,108,4
54,109,4
54,110,4
54,111,4
54,112,4
54,113,4
54,114,4
54,115,4
54,116,4
54,117,4
54,118,4
54,119,4
54,120,4
54,121,4
54,122,4
54,123,3
54,124,4
54,125,4
55,56,4
55,57,4
55,58,4
55,59,4
55,60,4
55,61,4
55,62,4
55,63,4
55,64,4
55,65,4
55,66,4
55,67,4
55,68,5
55,69,4
55,70,4
55,71,4
55,72,4
55,73,4
55,74,3
55,75,4
55,76,4
55,77,4
55,78,4
55,79,4
55,80,4
55,81,4
55,82,4
55,83,3
55,84,4
55,85,3
55,86,4
55,87,4
55,88,4
55,89,4
55,90,4
55,91,4
55,92,4
55,93,4
55,94,4
55,95,4
55,96,3
55,97,4
55,98,4
55,99,4
55,100,4
55,101,4
55,102,4
55,103,4
55,104,4
55,105,4
55,106,4
55,107,4
55,108,3
55,109,3
55,110,4
55,111,3
55,112,4
55,113,4
55,114,4
55,115,4
55,116,4
55,117,4
55,118,4
55,119,4
55,120,3
55,121,4
55,122,4
55,123,3
55,124,4
55,125,4
56,57,4
56,58,4
56,59,4
56,60,4
56,61,4
56,62,4
56,63,3
56,64,4
56,65,4
56,66,4
56,67,4
56,68,4
56,69,4
56,70,4
56,71,4
56,72,4
56,73,4
56,74,4
56,75,4
56,76,4
56,77,4
56,78,4
56,79,5
56,80,4
56,81,4
56,82,4
56,83,4
56,84,3
56,85,4
56,86,4
56,87,4
56,88,3
56,89,3
56,90,3
56,91,4
56,92,4
56,93,4
56,94,4
56,95,3
56,96,4
56,97,4
56,98,4
56,99,4
56,100,4
56,101,3
56,102,4
56,103,4
56,104,4
56,105,3
56,106,4
56,107,3
56,108,4
56,109,3
56,110,4
56,111,4
56,112,4
56,113,4
56,114,4
56,115,4
56,116,4
56,117,4
56,118,4
56,119,4
56,120,4
56,121,4
56,122,4
56,123,4
56,124,4
56,125,4
57,58,4
57,59,4
57,60,4
57,61,4
57,62,4
57,63,4
57,64,4
57,65,4
57,66,4
57,67,4
57,68,4
57,69,5
57,70,4
57,71,4
57,72,4
57,73,3
57,74,4
57,75,3
57,76,4
57,77,3
57,78,4
57,79,4
57,80,4
57,81,4
57,82,4
57,83,4
57,84,4
57,85,4
57,86,4
57,87,4
57,88,4
57,89,4
57,90,3
57,91,4
57,92,3
57,93,4
57,94,3
57,95,4
57,96,4
57,97,4
57,98,4
57,99,3
57,100,4
57,101,5
57,102,4
57,103,4
57,104,4
57,105,4
57,106,4
57,107,4
57,108,4
57,109,4
57,110,5
57,111,4
57,112,3
57,113,4
57,114,4
57,115,4
57,116,4
57,117,4
57,118,4
57,119,4
57,120,4
57,121,4
57,122,4
57,123,4
57,124,4
57,125,4
58,59,4
58,60,4
58,61,4
58,62,4
58,63,4
58,64,4
58,65,4
58,66,4
58,67,4
58,68,4
58,69,3
58,70,3
58,71,4
58,72,4
58,73,4
58,74,4
58,75,4
58,76,4
58,77,4
58,78,4
58,79,4
58,80,4
58,81,4
58,82,4
58,83,5
58,84,4
58,85,4
58,86,4
58,87,4
58,88,4
58,89,4
58,90,3
58,91,4
58,92,3
58,93,3
58,94,4
58,95,3
58,96,3
58,97,4
58,98,4
58,99,3
58,100,4
58,101,4
58,102,4
58,103,4
58,104,4
58,105,4
58,106,4
58,107,4
58,108,4
58,109,4
58,110,4
58,111,3
58,112,4
58,113,4
58,114,4
58,115,3
58,116,4
58,117,3
58,118,4
58,119,4
58,120,4
58,121,4
58,122,4
58,123,4
58,124,3
58,125,4
59,60,3
59,61,4
59,62,4
59,63,4
59,64,4
59,65,4
59,66,4
59,67,4
59,68,4
59,69,4
59,70,4
59,71,4
59,72,4
59,73,4
59,74,4
59,75,3
59,76,4
59,77,3
59,78,3
59,79,4
59,80,4
59,81,3
59,82,3
59,83,4
59,84,4
59,85,4
59,86,5
59,87,4
59,88,4
59,89,4
59,90,4
59,91,4
59,92,4
59,93,4
59,94,4
59,95,4
59,96,3
59,97,4
59,98,4
59,99,4
59,100,4
59,101,4
59,102,3
59,103,4
59,104,4
59,105,4
59,106,4
59,107,4
59,108,4
59,109,4
59,110,4
59,111,4
59,112,4
59,113,4
59,114,4
59,115,4
59,116,4
59,117,3
59,118,4
59,119,4
59,120,4
59,121,4
59,122,4
59,123,4
59,124,4
59,125,4
60,61,4
60,62,4
60,63,4
60,64,4
60,65,4
60,66,4
60,67,4
60,68,4
60,69,4
60,70,4
60,71,4
60,72,4
60,73,4
60,74,4
60,75,4
60,76,5
60,77,4
60,78,4
60,79,4
60,80,3
60,81,4
60,82,4
60,83,3
60,84,4
60,85,3
60,86,4
60,87,4
60,88,5
60,89,4
60,90,4
60,91,4
60,92,4
60,93,4
60,94,4
60,95,4
60,96,4
60,97,3
60,98,5
60,99,4
60,100,3
60,101,3
60,102,4
60,103,3
60,104,4
60,105,4
60,106,4
60,107,4
60,108,3
60,109,4
60,110,3
60,111,4
60,112,4
60,113,4
60,114,3
60,115,4
60,116,4
60,117,4
60,118,4
60,119,4
60,120,4
60,121,4
60,122,3
60,123,3
60,124,4
60,125,4
61,62,4
61,63,5
61,64,4
61,65,4
61,66,4
61,67,3
61,68,4
61,69,4
61,70,4
61,71,4
61,72,4
61,73,4
61,74,3
61,75,4
61,76,3
61,77,4
61,78,3
61,79,4
61,80,4
61,81,4
61,82,4
61,83,4
61,84,4
61,85,4
61,86,4
61,87,4
61,88,4
61,89,4
61,90,4
61,91,4
61,92,4
61,93,4
61,94,4
61,95,4
61,96,4
61,97,4
61,98,3
61,99,3
61,100,4
61,101,4
61,102,4
61,103,4
61,104,3
61,105,4
61,106,4
61,107,4
61,108,4
61,109,4
61,110,4
61,111,4
61,112,4
61,113,4
61,114,3
61,115,4
61,116,4
61,117,4
61,118,4
61,119,4
61,120,4
61,121,4
61,122,3
61,123,4
61,124,4
61,125,4
62,63,4
62,64,4
62,65,4
62,66,3
62,67,5
62,68,4
62,69,4
62,70,4
62,71,4
62,72,4
62,73,4
62,74,4
62,75,4
62,76,4
62,77,4
62,78,4
62,79,4
62,80,3
62,81,4
62,82,4
62,83,4
62,84,4
62,85,4
62,86,4
62,87,4
62,88,4
62,89,4
62,90,3
62,91,3
62,92,4
62,93,3
62,94,3
62,95,4
62,96,4
62,97,4
62,98,4
62,99,4
62,100,4
62,101,4
62,102,4
62,103,3
62,104,4
62,105,3
62,106,4
62,107,5
62,108,3
62,109,4
62,110,4
62,111,4
62,112,4
62,113,4
62,114,4
62,115,4
62,116,4
62,117,4
62,118,4
62,119,4
62,120,4
62,121,3
62,122,4
62,123,3
62,124,4
62,125,4
63,64,4
63,65,4
63,66,4
63,67,4
63,68,4
63,69,4
63,70,4
63,71,4
63,72,4
63,73,4
63,74,4
63,75,4
63,76,3
63,77,4
63,78,4
63,79,4
63,80,4
63,81,4
63,82,4
63,83,4
63,84,3
63,85,4
63,86,4
63,87,4
63,88,4
63,89,4
63,90,3
63,91,4
63,92,4
63,93,4
63,94,4
63,95,4
63,96,4
63,97,4
63,98,4
63,99,4
63,100,4
63,101,4
63,102,3
63,103,4
63,104,4
63,105,3
63,106,4
63,107,4
63,108,4
63,109,4
63,110,4
63,111,4
63,112,4
63,113,4
63,114,4
63,115,4
63,116,4
63,117,4
63,118,4
63,119,4
63,120,4
63,121,3
63,122,4
63,123,3
63,124,3
63,125,4
64,65,3
64,66,4
64,67,4
64,68,4
64,69,4
64,70,3
64,71,3
64,72,3
64,73,4
64,74,4
64,75,4
64,76,4
64,77,4
64,78,4
64,79,3
64,80,4
64,81,4
64,82,4
64,83,4
64,84,4
64,85,4
64,86,3
64,87,4
64,88,4
64,89,4
64,90,4
64,91,4
64,92,4
64,93,4
64,94,4
64,95,4
64,96,4
64,97,4
64,98,3
64,99,4
64,100,4
64,101,4
64,102,4
64,103,4
64,104,4
64,105,4
64,106,4
64,107,3
64,108,3
64,109,4
64,110,4
64,111,4
64,112,4
64,113,3
64,114,4
64,115,4
64,116,4
64,117,3
64,118,4
64,119,4
64,120,4
64,121,4
64,122,4
64,123,4
64,124,4
64,125,4
65,66,4
65,67,4
65,68,4
65,69,4
65,70,3
65,71,4
65,72,3
65,73,4
65,74,4
65,75,3
65,76,4
65,77,4
65,78,4
65,79,3
65,80,4
65,81,4
65,82,4
65,83,4
65,84,4
65,85,4
65,86,4
65,87,3
65,88,4
65,89,4
65,90,4
65,91,4
65,92,4
65,93,3
65,94,4
65,95,4
65,96,4
65,97,4
65,98,4
65,99,4
65,100,4
65,101,4
65,102,4
65,103,4
65,104,3
65,105,4
65,106,4
65,107,4
65,108,4
65,109,4
65,110,4
65,111,5
65,112,5
65,113,4
65,114,4
65,115,3
65,116,4
65,117,4
65,118,4
65,119,4
65,120,4
65,121,4
65,122,4
65,123,3
65,124,4
65,125,3
66,67,3
66,68,3
66,69,4
66,70,4
66,71,4
66,72,4
66,73,4
66,74,4
66,75,4
66,76,4
66,77,4
66,78,4
66,79,4
66,80,4
66,81,4
66,82,4
66,83,3
66,84,4
66,85,3
66,86,4
66,87,4
66,88,3
66,89,4
66,90,4
66,91,4
66,92,3
66,93,4
66,94,4
66,95,4
66,96,4
66,97,4
66,98,3
66,99,4
66,100,4
66,101,4
66,102,4
66,103,4
66,104,4
66,105,4
66,106,3
66,107,4
66,108,4
66,109,4
66,110,4
66,111,4
66,112,4
66,113,4
66,114,3
66,115,4
66,116,4
66,117,4
66,118,4
66,119,4
66,120,4
66,121,3
66,122,4
66,123,4
66,124,4
66,125,4
67,68,4
67,69,4
67,70,4
67,71,4
67,72,4
67,73,4
67,74,4
67,75,4
67,76,3
67,77,3
67,78,3
67,79,4
67,80,3
67,81,4
67,82,4
67,83,4
67,84,4
67,85,5
67,86,4
67,87,4
67,88,4
67,89,4
67,90,4
67,91,3
67,92,4
67,93,4
67,94,3
67,95,4
67,96,4
67,97,4
67,98,4
67,99,4
67,100,4
67,101,3
67,102,4
67,103,3
67,104,4
67,105,4
67,106,4
67,107,4
67,108,4
67,109,4
67,110,3
67,111,5
67,112,4
67,113,4
67,114,4
67,115,4
67,116,3
67,117,4
67,118,4
67,119,4
67,120,4
67,121,4
67,122,4
67,123,4
67,124,4
67,125,3
68,69,4
68,70,3
68,71,4
68,72,4
68,73,4
68,74,4
68,75,4
68,76,4
68,77,4
68,78,4
68,79,4
68,80,4
68,81,4
68,82,4
68,83,4
68,84,4
68,85,4
68,86,4
68,87,3
68,88,4
68,89,3
68,90,4
68,91,4
68,92,3
68,93,4
68,94,4
68,95,4
68,96,4
68,97,4
68,98,3
68,99,4
68,100,4
68,101,4
68,102,4
68,103,4
68,104,4
68,105,4
68,106,4
68,107,4
68,108,4
68,109,4
68,110,5
68,111,4
68,112,3
68,113,4
68,114,4
68,115,4
68,116,4
68,117,3
68,118,4
68,119,4
68,120,4
68,121,4
68,122,4
68,123,4
68,124,3
68,125,4
69,70,4
69,71,5
69,72,4
69,73,4
69,74,3
69,75,4
69,76,4
69,77,4
69,78,4
69,79,4
69,80,4
69,81,4
69,82,4
69,83,3
69,84,3
69,85,4
69,86,4
69,87,4
69,88,4
69,89,4
69,90,4
69,91,3
69,92,4
69,93,5
69,94,4
69,95,3
69,96,4
69,97,4
69,98,4
69,99,4
69,100,4
69,101,4
69,102,4
69,103,4
69,104,3
69,105,4
69,106,4
69,107,4
69,108,4
69,109,4
69,110,4
69,111,4
69,112,3
69,113,4
69,114,4
69,115,3
69,116,4
69,117,4
69,118,4
69,119,4
69,120,4
69,121,4
69,122,4
69,123,4
69,124,4
69,125,4
70,71,4
70,72,3
70,73,3
70,74,4
70,75,5
70,76,3
70,77,4
70,78,4
70,79,4
70,80,4
70,81,4
70,82,5
70,83,4
70,84,4
70,85,4
70,86,4
70,87,4
70,88,4
70,89,4
70,90,4
70,91,4
70,92,4
70,93,4
70,94,4
70,95,4
70,96,4
70,97,4
70,98,4
70,99,4
70,100,4
70,101,4
70,102,3
70,103,3
70,104,4
70,105,4
70,106,4
70,107,4
70,108,4
70,109,4
70,110,4
70,111,3
70,112,5
70,113,4
70,114,4
70,115,3
70,116,4
70,117,4
70,118,3
70,119,4
70,120,5
70,121,3
70,122,4
70,123,3
70,124,4
70,125,4
71,72,3
71,73,4
71,74,4
71,75,4
71,76,4
71,77,4
71,78,4
71,79,4
71,80,4
71,81,4
71,82,3
71,83,4
71,84,4
71,85,4
71,86,5
71,87,4
71,88,4
71,89,4
71,90,4
71,91,4
71,92,4
71,93,4
71,94,4
71,95,3
71,96,4
71,97,4
71,98,3
71,99,4
71,100,4
71,101,4
71,102,4
71,103,3
71,104,4
71,105,4
71,106,4
71,107,3
71,108,3
71,109,4
71,110,4
71,111,4
71,112,4
71,113,4
71,114,4
71,115,3
71,116,4
71,117,4
71,118,4
71,119,4
71,120,4
71,121,4
71,122,4
71,123,4
71,124,4
71,125,4
72,73,4
72,74,4
72,75,4
72,76,3
72,77,5
72,78,4
72,79,4
72,80,4
72,81,4
72,82,4
72,83,4
72,84,3
72,85,4
72,86,3
72,87,4
72,88,4
72,89,4
72,90,4
72,91,4
72,92,4
72,93,4
72,94,4
72,95,4
72,96,4
72,97,3
72,98,3
72,99,3
72,100,4
72,101,3
72,102,4
72,103,4
72,104,4
72,105,4
72,106,5
72,107,4
72,108,4
72,109,4
72,110,4
72,111,3
72,112,4
72,113,4
72,114,4
72,115,4
72,116,4
72,117,3
72,118,4
72,119,4
72,120,4
72,121,4
72,122,3
72,123,4
72,124,4
72,125,4
73,74,4
73,75,4
73,76,4
73,77,3
73,78,4
73,79,3
73,80,4
73,81,4
73,82,4
73,83,4
73,84,4
73,85,4
73,86,3
73,87,4
73,88,4
73,89,4
73,90,4
73,91,3
73,92,4
73,93,4
73,94,4
73,95,4
73,96,4
73,97,4
73,98,3
73,99,3
73,100,4
73,101,4
73,102,4
73,103,4
73,104,4
73,105,4
73,106,4
73,107,4
73,108,4
73,109,4
73,110,4
73,111,3
73,112,4
73,113,4
73,114,4
73,115,4
73,116,3
73,117,4
73,118,3
73,119,4
73,120,4
73,121,4
73,122,5
73,123,5
73,124,4
73,125,3
74,75,4
74,76,4
74,77,4
74,78,4
74,79,4
74,80,4
74,81,3
74,82,4
74,83,4
74,84,3
74,85,4
74,86,4
74,87,4
74,88,4
74,89,4
74,90,3
74,91,4
74,92,4
74,93,4
74,94,4
74,95,5
74,96,4
74,97,3
74,98,4
74,99,4
74,100,3
74,101,4
74,102,4
74,103,4
74,104,4
74,105,4
74,106,4
74,107,4
74,108,4
74,109,4
74,110,4
74,111,4
74,112,3
74,113,4
74,114,4
74,115,4
74,116,4
74,117,4
74,118,4
74,119,3
74,120,3
74,121,4
74,122,4
74,123,4
74,124,4
74,125,4
75,76,4
75,77,4
75,78,3
75,79,4
75,80,4
75,81,3
75,82,4
75,83,4
75,84,4
75,85,4
75,86,4
75,87,3
75,88,3
75,89,4
75,90,4
75,91,3
75,92,4
75,93,4
75,94,4
75,95,4
75,96,4
75,97,4
75,98,4
75,99,4
75,100,4
75,101,4
75,102,5
75,103,4
75,104,3
75,105,3
75,106,4
75,107,3
75,108,4
75,109,4
75,110,4
75,111,4
75,112,4
75,113,4
75,114,4
75,115,4
75,116,4
75,117,4
75,118,4
75,119,4
75,120,4
75,121,4
75,122,4
75,123,4
75,124,4
75,125,3
76,77,4
76,78,4
76,79,4
76,80,4
76,81,4
76,82,4
76,83,3
76,84,4
76,85,4
76,86,5
76,87,3
76,88,4
76,89,3
76,90,4
76,91,4
76,92,4
76,93,4
76,94,3
76,95,4
76,96,4
76,97,4
76,98,4
76,99,4
76,100,4
76,101,4
76,102,4
76,103,4
76,104,4
76,105,4
76,106,4
76,107,4
76,108,4
76,109,4
76,110,4
76,111,4
76,112,4
76,113,4
76,114,4
76,115,4
76,116,3
76,117,4
76,118,4
76,119,4
76,120,4
76,121,4
76,122,3
76,123,4
76,124,4
76,125,4
77,78,3
77,79,3
77,80,4
77,81,4
77,82,4
77,83,4
77,84,4
77,85,4
77,86,4
77,87,4
77,88,4
77,89,4
77,90,3
77,91,4
77,92,4
77,93,5
77,94,4
77,95,4
77,96,4
77,97,3
77,98,4
77,99,4
77,100,4
77,101,4
77,102,4
77,103,4
77,104,4
77,105,3
77,106,5
77,107,4
77,108,3
77,109,4
77,110,4
77,111,3
77,112,4
77,113,4
77,114,4
77,115,4
77,116,4
77,117,4
77,118,4
77,119,4
77,120,4
77,121,4
77,122,4
77,123,4
77,124,5
77,125,4
78,79,4
78,80,4
78,81,4
78,82,4
78,83,4
78,84,3
78,85,4
78,86,4
78,87,4
78,88,4
78,89,4
78,90,4
78,91,4
78,92,4
78,93,3
78,94,4
78,95,4
78,96,4
78,97,4
78,98,4
78,99,4
78,100,4
78,101,4
78,102,4
78,103,4
78,104,3
78,105,4
78,106,4
78,107,4
78,108,4
78,109,4
78,110,4
78,111,4
78,112,4
78,113,4
78,114,4
78,115,4
78,116,4
78,117,4
78,118,4
78,119,3
78,120,4
78,121,4
78,122,4
78,123,4
78,124,4
78,125,4
79,80,4
79,81,4
79,82,4
79,83,4
79,84,4
79,85,4
79,86,4
79,87,4
79,88,4
79,89,4
79,90,4
79,91,4
79,92,4
79,93,4
79,94,4
79,95,4
79,96,4
79,97,4
79,98,3
79,99,3
79,100,4
79,101,4
79,102,4
79,103,4
79,104,4
79,105,4
79,106,4
79,107,3
79,108,4
79,109,4
79,110,4
79,111,4
79,112,4
79,113,3
79,114,4
79,115,4
79,116,4
79,117,4
79,118,4
79,119,3
79,120,4
79,121,4
79,122,4
79,123,4
79,124,4
79,125,4
80,81,4
80,82,4
80,83,3
80,84,5
80,85,4
80,86,4
80,87,3
80,88,4
80,89,3
80,90,4
80,91,4
80,92,4
80,93,3
80,94,4
80,95,4
80,96,4
80,97,4
80,98,4
80,99,4
80,100,4
80,101,4
80,102,4
80,103,4
80,104,4
80,105,3
80,106,4
80,107,3
80,108,4
80,109,4
80,110,4
80,111,4
80,112,4
80,113,3
80,114,4
80,115,4
80,116,4
80,117,4
80,118,4
80,119,4
80,120,3
80,121,3
80,122,4
80,123,4
80,124,4
80,125,4
81,82,3
81,83,4
81,84,4
81,85,4
81,86,4
81,87,4
81,88,4
81,89,4
81,90,3
81,91,4
81,92,4
81,93,3
81,94,4
81,95,4
81,96,4
81,97,4
81,98,4
81,99,3
81,100,4
81,101,4
81,102,3
81,103,4
81,104,4
81,105,4
81,106,5
81,107,4
81,108,4
81,109,4
81,110,3
81,111,3
81,112,4
81,113,4
81,114,5
81,115,4
81,116,4
81,117,4
81,118,4
81,119,4
81,120,4
81,121,4
81,122,4
81,123,3
81,124,4
81,125,4
82,83,4
82,84,3
82,85,4
82,86,3
82,87,4
82,88,4
82,89,4
82,90,4
82,91,4
82,92,4
82,93,4
82,94,4
82,95,3
82,96,3
82,97,4
82,98,4
82,99,4
82,100,3
82,101,4
82,102,4
82,103,4
82,104,4
82,105,5
82,106,4
82,107,4
82,108,4
82,109,3
82,110,5
82,111,4
82,112,4
82,113,4
82,114,3
82,115,4
82,116,4
82,117,3
82,118,4
82,119,4
82,120,3
82,121,4
82,122,4
82,123,4
82,124,4
82,125,4
83,84,4
83,85,4
83,86,4
83,87,4
83,88,4
83,89,3
83,90,4
83,91,4
83,92,3
83,93,4
83,94,4
83,95,4
83,96,4
83,97,4
83,98,4
83,99,4
83,100,4
83,101,3
83,102,3
83,103,4
83,104,4
83,105,4
83,106,4
83,107,4
83,108,4
83,109,4
83,110,4
83,111,4
83,112,4
83,113,4
83,114,3
83,115,4
83,116,4
83,117,4
83,118,4
83,119,4
83,120,5
83,121,4
83,122,4
83,123,4
83,124,4
83,125,4
84,85,3
84,86,3
84,87,4
84,88,4
84,89,5
84,90,4
84,91,4
84,92,4
84,93,4
84,94,4
84,95,4
84,96,4
84,97,4
84,98,4
84,99,4
84,100,4
84,101,4
84,102,3
84,103,4
84,104,5
84,105,3
84,106,4
84,107,4
84,108,4
84,109,3
84,110,4
84,111,4
84,112,4
84,113,4
84,114,4
84,115,4
84,116,4
84,117,5
84,118,4
84,119,4
84,120,3
84,121,4
84,122,3
84,123,4
84,124,4
84,125,4
85,86,3
85,87,3
85,88,4
85,89,4
85,90,5
85,91,4
85,92,4
85,93,3
85,94,4
85,95,4
85,96,4
85,97,4
85,98,4
85,99,4
85,100,4
85,101,4
85,102,3
85,103,4
85,104,4
85,105,4
85,106,3
85,107,4
85,108,4
85,109,3
85,110,4
85,111,4
85,112,4
85,113,4
85,114,4
85,115,4
85,116,4
85,117,4
85,118,4
85,119,4
85,120,4
85,121,4
85,122,4
85,123,4
85,124,3
85,125,4
86,87,4
86,88,4
86,89,4
86,90,4
86,91,4
86,92,4
86,93,4
86,94,4
86,95,3
86,96,4
86,97,4
86,98,4
86,99,4
86,100,4
86,101,4
86,102,4
86,103,3
86,104,3
86,105,4
86,106,4
86,107,4
86,108,4
86,109,4
86,110,4
86,111,4
86,112,4
86,113,4
86,114,4
86,115,4
86,116,4
86,117,4
86,118,4
86,119,5
86,120,4
86,121,4
86,122,4
86,123,4
86,124,4
86,125,4
87,88,4
87,89,4
87,90,4
87,91,4
87,92,4
87,93,4
87,94,4
87,95,4
87,96,3
87,97,4
87,98,3
87,99,4
87,100,4
87,101,4
87,102,4
87,103,4
87,104,4
87,105,4
87,106,4
87,107,4
87,108,4
87,109,4
87,110,4
87,111,4
87,112,5
87,113,4
87,114,4
87,115,3
87,116,3
87,117,4
87,118,4
87,119,4
87,120,4
87,121,4
87,122,4
87,123,4
87,124,4
87,125,4
88,89,4
88,90,4
88,91,4
88,92,4
88,93,4
88,94,4
88,95,3
88,96,4
88,97,4
88,98,4
88,99,4
88,100,4
88,101,4
88,102,4
88,103,5
88,104,3
88,105,4
88,106,4
88,107,4
88,108,4
88,109,3
88,110,3
88,111,4
88,112,4
88,113,4
88,114,4
88,115,3
88,116,4
88,117,4
88,118,3
88,119,4
88,120,4
88,121,4
88,122,4
88,123,4
88,124,4
88,125,4
89,90,4
89,91,4
89,92,4
89,93,4
89,94,4
89,95,3
89,96,4
89,97,4
89,98,4
89,99,3
89,100,4
89,101,4
89,102,4
89,103,4
89,104,4
89,105,4
89,106,3
89,107,4
89,108,4
89,109,3
89,110,4
89,111,4
89,112,3
89,113,3
89,114,4
89,115,4
89,116,4
89,117,3
89,118,3
89,119,4
89,120,4
89,121,4
89,122,4
89,123,3
89,124,3
89,125,4
90,91,4
90,92,4
90,93,3
90,94,4
90,95,4
90,96,4
90,97,4
90,98,3
90,99,4
90,100,4
90,101,4
90,102,4
90,103,4
90,104,3
90,105,4
90,106,4
90,107,4
90,108,4
90,109,4
90,110,3
90,111,3
90,112,4
90,113,4
90,114,4
90,115,4
90,116,4
90,117,4
90,118,4
90,119,4
90,120,4
90,121,4
90,122,4
90,123,4
90,124,4
90,125,4
91,92,4
91,93,3
91,94,4
91,95,4
91,96,4
91,97,4
91,98,4
91,99,5
91,100,4
91,101,4
91,102,3
91,103,4
91,104,4
91,105,3
91,106,4
91,107,4
91,108,4
91,109,4
91,110,4
91,111,3
91,112,4
91,113,4
91,114,3
91,115,4
91,116,3
91,117,4
91,118,4
91,119,3
91,120,4
91,121,4
91,122,4
91,123,4
91,124,4
91,125,4
92,93,4
92,94,3
92,95,4
92,96,4
92,97,4
92,98,4
92,99,5
92,100,4
92,101,3
92,102,5
92,103,4
92,104,4
92,105,4
92,106,4
92,107,4
92,108,4
92,109,4
92,110,4
92,111,3
92,112,4
92,113,4
92,114,3
92,115,4
92,116,4
92,117,4
92,118,4
92,119,4
92,120,4
92,121,3
92,122,4
92,123,4
92,124,3
92,125,4
93,94,4
93,95,4
93,96,3
93,97,4
93,98,3
93,99,3
93,100,4
93,101,3
93,102,4
93,103,4
93,104,4
93,105,3
93,106,5
93,107,4
93,108,4
93,109,4
93,110,4
93,111,4
93,112,4
93,113,4
93,114,3
93,115,4
93,116,4
93,117,4
93,118,4
93,119,4
93,120,4
93,121,4
93,122,4
93,123,4
93,124,4
93,125,4
94,95,4
94,96,4
94,97,3
94,98,4
94,99,3
94,100,4
94,101,4
94,102,4
94,103,4
94,104,4
94,105,4
94,106,4
94,107,4
94,108,3
94,109,4
94,110,4
94,111,3
94,112,3
94,113,3
94,114,4
94,115,4
94,116,4
94,117,4
94,118,4
94,119,4
94,120,4
94,121,4
94,122,4
94,123,4
94,124,4
94,125,4
95,96,5
95,97,4
95,98,4
95,99,4
95,100,4
95,101,4
95,102,4
95,103,4
95,104,4
95,105,4
95,106,5
95,107,4
95,108,4
95,109,4
95,110,3
95,111,4
95,112,3
95,113,4
95,114,4
95,115,4
95,116,4
95,117,4
95,118,4
95,119,3
95,120,4
95,121,4
95,122,4
95,123,4
95,124,4
95,125,3
96,97,4
96,98,4
96,99,4
96,100,4
96,101,4
96,102,5
96,103,4
96,104,4
96,105,4
96,106,4
96,107,4
96,108,5
96,109,4
96,110,4
96,111,3
96,112,3
96,113,4
96,114,4
96,115,4
96,116,4
96,117,3
96,118,4
96,119,4
96,120,4
96,121,4
96,122,4
96,123,4
96,124,4
96,125,4
97,98,4
97,99,4
97,100,4
97,101,4
97,102,4
97,103,4
97,104,4
97,105,4
97,106,4
97,107,4
97,108,4
97,109,4
97,110,4
97,111,4
97,112,4
97,113,4
97,114,3
97,115,4
97,116,4
97,117,4
97,118,3
97,119,4
97,120,4
97,121,3
97,122,4
97,123,4
97,124,4
97,125,4
98,99,4
98,100,4
98,101,4
98,102,4
98,103,4
98,104,4
98,105,4
98,106,4
98,107,3
98,108,4
98,109,4
98,110,4
98,111,4
98,112,4
98,113,4
98,114,4
98,115,4
98,116,3
98,117,4
98,118,4
98,119,4
98,120,4
98,121,4
98,122,4
98,123,4
98,124,4
98,125,4
99,100,4
99,101,4
99,102,4
99,103,4
99,104,3
99,105,4
99,106,4
99,107,4
99,108,4
99,109,4
99,110,4
99,111,5
99,112,4
99,113,4
99,114,4
99,115,3
99,116,3
99,117,4
99,118,4
99,119,4
99,120,4
99,121,4
99,122,4
99,123,4
99,124,3
99,125,4
100,101,4
100,102,4
100,103,4
100,104,4
100,105,4
100,106,3
100,107,4
100,108,4
100,109,4
100,110,4
100,111,4
100,112,3
100,113,4
100,114,4
100,115,3
100,116,4
100,117,3
100,118,4
100,119,4
100,120,4
100,121,4
100,122,3
100,123,4
100,124,4
100,125,4
101,102,3
101,103,4
101,104,4
101,105,4
101,106,4
101,107,3
101,108,4
101,109,4
101,110,4
101,111,4
101,112,4
101,113,4
101,114,4
101,115,4
101,116,4
101,117,4
101,118,4
101,119,4
101,120,4
101,121,4
101,122,4
101,123,4
101,124,5
101,125,4
102,103,4
102,104,4
102,105,4
102,106,4
102,107,4
102,108,4
102,109,4
102,110,4
102,111,3
102,112,4
102,113,4
102,114,4
102,115,4
102,116,4
102,117,3
102,118,4
102,119,4
102,120,4
102,121,3
102,122,4
102,123,4
102,124,4
102,125,4
103,104,4
103,105,4
103,106,4
103,107,4
103,108,5
103,109,4
103,110,4
103,111,5
103,112,4
103,113,4
103,114,4
103,115,4
103,116,4
103,117,4
103,118,4
103,119,3
103,120,3
103,121,4
103,122,4
103,123,4
103,124,4
103,125,3
104,105,4
104,106,4
104,107,4
104,108,4
104,109,4
104,110,4
104,111,4
104,112,4
104,113,4
104,114,4
104,115,4
104,116,4
104,117,4
104,118,4
104,119,4
104,120,4
104,121,3
104,122,3
104,123,4
104,124,4
104,125,4
105,106,4
105,107,4
105,108,4
105,109,4
105,110,4
105,111,4
105,112,4
105,113,4
105,114,4
105,115,4
105,116,4
105,117,3
105,118,4
105,119,3
105,120,4
105,121,4
105,122,4
105,123,4
105,124,4
105,125,4
106,107,3
106,108,4
106,109,4
106,110,3
106,111,3
106,112,4
106,113,4
106,114,3
106,115,4
106,116,3
106,117,4
106,118,3
106,119,4
106,120,3
106,121,4
106,122,4
106,123,4
106,124,4
106,125,4
107,108,4
107,109,4
107,110,5
107,111,4
107,112,4
107,113,4
107,114,4
107,115,4
107,116,4
107,117,4
107,118,4
107,119,4
107,120,4
107,121,3
107,122,4
107,123,4
107,124,4
107,125,4
108,109,4
108,110,4
108,111,4
108,112,4
108,113,3
108,114,4
108,115,4
108,116,4
108,117,4
108,118,3
108,119,4
108,120,4
108,121,4
108,122,4
108,123,4
108,124,4
108,125,4
109,110,4
109,111,4
109,112,4
109,113,3
109,114,4
109,115,4
109,116,5
109,117,4
109,118,4
109,119,4
109,120,3
109,121,3
109,122,5
109,123,4
109,124,4
109,125,4
110,111,4
110,112,4
110,113,4
110,114,3
110,115,4
110,116,4
110,117,4
110,118,4
110,119,3
110,120,3
110,121,4
110,122,4
110,123,4
110,124,4
110,125,4
111,112,4
111,113,4
111,114,4
111,115,4
111,116,4
111,117,4
111,118,4
111,119,4
111,120,4
111,121,3
111,122,4
111,123,4
111,124,4
111,125,4
112,113,4
112,114,4
112,115,4
112,116,3
112,117,4
112,118,4
112,119,4
112,120,4
112,121,4
112,122,5
112,123,4
112,124,3
112,125,4
113,114,3
113,115,4
113,116,4
113,117,4
113,118,3
113,119,4
113,120,4
113,121,4
113,122,4
113,123,5
113,124,4
113,125,4
114,115,4
114,116,4
114,117,5
114,118,4
114,119,4
114,120,4
114,121,4
114,122,4
114,123,4
114,124,4
114,125,4
115,116,4
115,117,4
115,118,4
115,119,4
115,120,3
115,121,4
115,122,4
115,123,4
115,124,4
115,125,4
116,117,4
116,118,4
116,119,4
116,120,3
116,121,4
116,122,3
116,123,4
116,124,5
116,125,4
117,118,3
117,119,4
117,120,4
117,121,3
117,122,4
117,123,4
117,124,4
117,125,4
118,119,4
118,120,4
118,121,4
118,122,4
118,123,4
118,124,4
118,125,4
119,120,4
119,121,4
119,122,4
119,123,4
119,124,4
119,125,4
120,121,4
120,122,3
120,123,3
120,124,4
120,125,4
121,122,3
121,123,4
121,124,4
121,125,3
122,123,4
122,124,4
122,125,3
123,124,3
123,125,4
124,125,4
