作品编号,专家1,专家2,专家3,专家4,专家5
1,12,97,82,55,54
2,109,11,88,26,13
3,67,123,93,96,89
4,100,62,17,106,53
5,61,44,23,117,98
6,78,47,104,66,51
7,52,28,9,71,113
8,6,110,103,34,77
9,21,92,85,41,7
10,122,56,114,81,95
11,90,24,40,57,60
12,4,68,19,91,83
13,118,87,39,121,45
14,35,115,38,8,58
15,101,22,50,15,80
16,59,36,27,72,79
17,120,48,16,107,74
18,86,5,32,102,108
19,46,105,111,37,116
20,29,20,75,70,10
21,99,18,94,1,84
22,76,73,64,43,69
23,30,112,49,33,42
24,63,2,14,25,3
25,119,124,65,31,125
26,107,70,11,97,73
27,80,71,68,13,69
28,101,38,78,4,43
29,54,124,26,34,48
30,125,108,6,28,100
31,8,109,36,116,33
32,56,83,16,64,59
33,98,123,84,49,50
34,52,102,41,23,45
35,2,17,15,99,92
36,89,58,88,20,114
37,65,117,19,63,90
38,62,55,22,46,29
39,39,86,81,76,42
40,120,9,40,12,44
41,121,51,113,67,91
42,61,30,103,119,25
43,104,27,95,105,57
44,93,24,5,7,72
45,115,14,74,94,37
46,96,35,110,79,66
47,18,75,112,3,106
48,60,87,77,32,31
49,85,10,111,1,118
50,82,21,122,47,53
51,99,7,29,66,30
52,43,86,18,88,16
53,24,76,105,20,36
54,117,124,77,58,49
55,79,74,39,2,21
56,120,57,64,62,103
57,9,11,38,67,84
58,65,55,116,25,80
59,72,61,106,37,122
60,44,73,68,111,54
61,34,3,47,107,1
62,113,78,17,40,81
63,42,13,92,94,12
64,35,32,90,97,98
65,119,100,48,14,85
66,115,123,27,28,5
67,22,82,75,56,41
68,109,69,108,118,51
69,26,121,89,31,70
70,63,112,45,125,110
71,15,10,71,4,46
72,59,114,104,19,101
73,8,93,95,91,23
74,96,33,60,52,50
75,6,102,83,87,53
76,52,48,110,11,91
77,94,50,35,2,119
78,118,29,5,16,9
79,104,112,22,96,23
80,49,74,87,105,4
81,28,39,41,124,93
82,44,122,63,66,59
83,19,115,3,30,40
84,38,20,6,82,121
85,18,46,69,117,89
86,97,76,60,26,111
87,100,7,84,15,86
88,102,21,61,14,71
89,114,13,54,123,43
90,27,67,70,85,47
91,116,75,53,120,113
92,65,1,77,73,24
93,81,103,12,99,32
94,92,58,10,125,36
95,78,34,108,83,90
96,56,57,79,101,106
97,8,68,25,42,98
98,37,95,55,33,45
99,72,88,64,107,80
100,62,51,31,30,45
101,17,109,49,114,47
102,14,83,122,111,32
103,59,70,34,37,24
104,125,91,102,101,118
105,12,109,6,62,75
106,44,17,22,97,33
107,41,115,18,113,107
108,74,23,20,40,69
109,19,58,15,72,1
110,89,5,38,42,105
111,8,61,77,64,84
112,100,55,103,36,124
113,67,90,106,92,104
114,68,7,60,27,117
115,31,28,29,81,73
116,120,56,43,3,10
117,53,119,78,112,13
118,11,98,16,4,66
119,116,88,21,108,110
120,94,96,46,121,54
121,87,76,85,79,80
122,65,93,71,26,86
123,52,39,63,123,99
124,82,48,57,25,50
125,51,2,9,95,7
126,35,18,53,55,23
127,56,76,30,44,48
128,68,49,95,38,61
129,50,21,89,24,28
130,104,121,85,117,109
131,65,99,42,60,69
132,122,107,57,86,17
133,102,72,73,103,82
134,8,31,13,96,2
135,26,78,84,46,114
136,116,12,123,71,79
137,10,81,93,77,16
138,64,118,94,15,113
139,120,22,105,54,70
140,47,100,115,97,110
141,119,5,36,83,63
142,4,9,58,59,14
143,25,20,66,1,90
144,51,41,87,40,101
145,92,111,91,45,43
146,29,74,11,125,80
147,19,106,27,88,6
148,52,75,98,67,124
149,62,32,39,37,3
150,108,112,35,99,91
151,34,33,32,101,58
152,66,42,43,23,124
153,17,9,117,74,54
154,93,50,18,102,29
155,71,119,115,59,98
156,77,62,19,48,96
157,123,1,88,104,122
158,51,13,33,103,105
159,78,12,11,41,63
160,4,86,70,2,30
161,57,87,108,46,36
162,120,61,45,65,5
163,37,68,114,100,107
164,69,14,44,125,8
165,110,83,28,92,95
166,7,20,81,118,3
167,79,22,67,53,16
168,84,112,111,6,31
169,35,56,25,109,73
170,94,27,10,97,38
171,80,113,21,26,49
172,39,15,90,85,116
173,89,106,47,52,76
174,40,34,82,64,105
175,121,75,24,55,101
176,72,60,89,108,95
177,54,4,57,28,18
178,16,90,62,72,111
179,68,79,10,112,50
180,21,100,78,5,23
181,2,43,20,98,80
182,124,94,76,61,6
183,12,73,3,15,45
184,115,63,88,53,31
185,47,14,96,30,55
186,123,74,59,81,102
187,35,82,114,71,51
188,24,33,122,84,41
189,52,70,65,83,17
190,87,58,119,27,29
191,60,66,103,56,121
192,49,11,19,120,25
193,117,37,13,48,93
194,46,106,86,64,97
195,125,39,9,34,109
196,32,116,67,44,7
197,113,1,36,42,22
198,85,26,40,8,107
199,77,92,75,118,38
200,99,110,104,64,68
201,91,69,34,28,97
202,44,77,27,50,71
203,81,66,49,119,67
204,103,93,78,115,15
205,116,102,56,94,58
206,30,107,35,43,65
207,106,38,55,2,26
208,7,10,109,105,110
209,6,8,32,59,45
210,63,22,92,48,9
211,95,118,4,53,99
212,88,111,47,41,98
213,18,31,79,90,11
214,70,46,60,124,3
215,125,54,85,42,37
216,100,89,16,87,104
217,51,120,80,36,14
218,83,24,112,74,62
219,19,82,17,39,84
220,121,123,108,40,29
221,101,96,122,73,5
222,61,52,86,13,1
223,20,113,72,12,57
224,69,33,114,21,25
225,23,75,76,115,122
226,91,117,73,32,26
227,38,28,62,119,80
228,91,57,1,7,39
229,31,105,102,106,78
230,69,84,55,87,93
231,96,76,9,98,45
232,92,64,114,27,121
233,107,44,58,81,90
234,82,112,59,85,61
235,113,33,74,10,104
236,41,37,67,43,108
237,56,50,8,4,51
238,125,116,66,70,40
239,17,3,35,24,13
240,25,5,79,117,95
241,52,34,20,16,42
242,72,2,54,47,11
243,97,68,88,101,124
244,103,75,111,65,123
245,89,77,109,53,86
246,22,118,60,83,30
247,100,12,18,49,91
248,94,36,48,29,71
249,63,21,120,6,46
250,14,19,110,23,86
251,99,96,85,43,6
252,15,23,37,11,77
253,100,121,61,99,116
254,108,54,38,122,19
255,51,12,106,83,10
256,29,69,78,98,39
257,115,56,104,21,9
258,5,48,114,2,66
259,17,120,89,110,101
260,76,93,1,109,74
261,87,50,103,59,3
262,113,31,14,82,24
263,105,62,8,123,92
264,34,75,63,4,81
265,47,79,119,46,45
266,32,28,42,107,55
267,41,90,112,95,64
268,73,58,52,30,18
269,33,70,117,111,35
270,72,22,84,40,65
271,80,57,118,97,67
272,125,53,25,71,7
273,49,15,16,44,13
274,124,102,27,20,107
275,68,26,36,52,118
276,60,88,94,45,25
277,13,55,9,10,64
278,28,72,3,66,76
279,121,77,112,21,43
280,56,110,123,119,70
281,63,73,124,47,50
282,109,46,30,82,67
283,108,111,23,59,120
284,92,29,68,86,103
285,4,35,104,31,37
286,39,20,18,44,96
287,1,38,14,79,40
288,98,83,105,99,93
289,102,54,113,100,88
290,81,26,101,94,69
291,27,84,53,32,2
292,65,36,11,85,114
293,34,117,106,71,87
294,49,7,6,122,97
295,80,12,19,5,8
296,41,61,15,125,60
297,42,74,95,75,58
298,16,115,17,91,116
299,48,89,33,90,80
300,51,22,57,49,85
301,62,78,35,59,20
302,24,2,52,19,69
303,110,22,3,8,102
304,38,64,12,33,47
305,60,74,100,67,101
306,71,41,32,57,89
307,31,117,75,107,83
308,44,34,104,45,29
309,120,81,13,87,91
310,113,97,37,30,79
311,6,26,10,5,116
312,15,9,123,25,112
313,7,23,17,90,88
314,66,46,24,68,39
315,84,103,108,58,16
316,51,115,72,92,70
317,28,118,98,122,65
318,48,40,27,111,61
319,63,121,93,106,42
320,125,4,62,94,114
321,18,76,78,95,14
322,82,36,77,99,78
323,54,86,50,104,20
324,119,1,96,21,11
325,43,105,53,60,48
326,124,109,32,96,113
327,55,56,111,11,71
328,73,33,14,99,27
329,84,91,10,37,90
330,64,17,125,21,18
331,117,1,80,115,102
332,72,49,29,56,63
333,12,112,65,66,58
334,79,23,28,105,26
335,55,76,8,41,70
336,87,124,114,15,24
337,5,74,31,43,103
338,109,106,44,119,95
339,30,85,88,50,81
340,86,67,69,62,36
341,73,34,100,94,123
342,13,57,121,83,47
343,118,2,6,93,40
344,59,52,51,116,38
345,98,110,82,107,33
346,16,68,45,35,75
347,122,22,4,77,25
348,108,97,92,61,3
349,19,42,9,53,46
350,101,39,54,107,77
351,89,7,55,78,19
352,120,98,94,104,30
353,99,120,86,47,8
354,96,111,80,100,82
355,97,58,13,5,40
356,52,95,43,12,29
357,124,123,22,69,45
358,116,112,81,48,72
359,37,38,66,71,83
360,44,53,1,101,92
361,118,59,49,31,41
362,35,42,21,57,84
363,14,46,16,28,7
364,89,3,36,4,64
365,93,34,27,11,62
366,105,85,115,32,25
367,68,18,122,15,74
368,73,6,60,51,23
369,20,9,26,103,37
370,121,50,90,125,76
371,75,114,39,102,119
372,56,17,67,61,87
373,109,54,91,79,65
374,10,117,88,24,67
375,113,106,70,108,45
376,2,110,122,46,58
377,63,76,57,15,102
378,107,96,84,56,105
379,65,13,7,38,50
380,20,17,108,48,68
381,70,91,82,42,104
382,44,110,55,5,94
383,3,101,9,27,86
384,120,69,31,66,100
385,92,16,39,26,25
386,112,87,11,113,8
387,53,14,72,41,34
388,116,93,22,114,73
389,77,115,95,111,125
390,63,61,79,32,43
391,29,24,6,4,47
392,121,2,97,1,78
393,51,88,74,99,28
394,71,54,62,81,33
395,49,23,64,2,65
396,123,18,80,109,83
397,21,19,60,75,36
398,124,30,10,59,89
399,118,12,90,119,74
400,40,117,52,103,53
401,106,85,35,69,103
402,98,46,73,85,95
403,23,107,125,13,106
404,101,93,36,47,112
405,19,109,100,70,57
406,66,9,108,50,62
407,97,83,77,20,120
408,78,94,91,22,24
409,117,59,43,28,15
410,90,3,68,123,21
411,34,116,18,92,98
412,96,16,41,27,69
413,75,49,40,37,110
414,79,51,58,86,111
415,52,32,88,119,82
416,6,54,64,115,67
417,56,31,39,12,23
418,81,124,104,25,38
419,122,48,42,102,10
420,84,80,30,121,95
421,55,113,99,114,16
422,17,14,118,105,11
423,29,61,35,26,19
424,87,33,1,63,28
425,45,72,71,74,85
426,5,60,4,82,92
427,76,7,58,62,104
428,8,89,27,103,1
429,44,43,87,25,72
430,94,79,20,8,122
431,42,110,26,15,67
432,119,111,99,22,107
433,83,29,21,124,8
434,38,100,30,39,117
435,40,45,80,114,86
436,91,31,123,47,61
437,84,102,120,60,109
438,89,34,49,115,43
439,37,78,118,73,88
440,48,51,75,64,32
441,3,65,53,96,57
442,108,105,63,55,77
443,44,6,113,35,123
444,101,13,46,90,113
445,71,24,18,97,103
446,98,17,112,5,1
447,41,116,106,68,9
448,14,93,70,12,88
449,2,76,59,33,91
450,11,81,121,5,35
451,54,36,66,41,10
452,52,56,125,46,27
453,4,7,79,107,69
454,50,55,40,39,83
455,102,28,104,36,12
456,50,6,11,58,69
457,62,101,18,82,2
458,21,87,97,95,48
459,17,45,38,93,111
460,42,31,116,3,29
461,63,60,80,54,16
462,120,52,122,92,78
463,118,25,86,96,24
464,37,64,119,7,101
465,84,70,13,74,63
466,109,71,22,20,31
467,68,67,33,77,72
468,98,108,56,14,26
469,4,124,44,115,112
470,19,94,85,66,33
471,125,51,81,89,84
472,30,53,15,5,54
473,99,90,49,9,70
474,106,110,114,32,118
475,105,121,65,59,68
476,47,10,23,87,62
477,76,117,16,82,123
478,57,75,61,73,2
479,100,93,92,20,32
480,34,19,56,99,13
481,38,18,72,110,36
482,1,12,48,125,67
483,14,10,49,103,107
484,105,47,35,9,80
485,24,23,116,27,30
486,106,65,39,8,48
487,108,7,22,52,74
488,78,85,64,44,28
489,98,37,60,81,79
490,97,53,50,45,36
491,61,46,88,34,83
492,109,122,3,55,117
493,15,66,21,91,27
494,6,104,17,71,75
495,124,120,90,82,95
496,40,76,119,4,42
497,114,115,96,29,120
498,112,86,73,55,59
499,41,77,94,80,3
500,43,100,11,51,46
501,111,102,89,25,13
502,121,58,25,37,17
503,26,57,74,30,77
504,113,119,86,60,34
505,65,87,18,9,33
506,57,31,98,10,114
507,106,24,81,43,22
508,99,41,20,117,5
509,49,73,83,104,125
510,108,2,44,42,11
511,1,29,64,100,122
512,101,84,85,12,115
513,111,8,53,121,28
514,67,103,112,39,94
515,14,54,45,90,89
516,66,52,93,107,6
517,35,118,63,116,89
518,61,50,16,105,12
519,71,40,47,92,96
520,109,15,38,48,98
521,59,26,7,75,96
522,62,79,88,121,44
523,69,56,113,92,5
524,123,72,4,97,23
525,21,32,70,38,16
526,91,58,41,105,6
527,110,124,78,9,111
528,95,102,19,47,16
529,76,51,68,34,5
530,28,49,20,60,106
531,119,10,69,72,17
532,102,97,51,112,117
533,42,78,71,73,79
534,123,120,32,125,24
535,53,104,80,61,39
536,82,27,37,63,109
537,13,110,85,4,20
538,74,64,35,124,91
539,52,57,55,115,81
540,76,65,113,29,110
541,95,107,67,50,116
542,31,25,54,99,40
543,66,45,77,18,13
544,23,84,36,34,25
545,33,43,118,46,8
546,56,68,1,62,70
547,22,14,87,66,64
548,94,108,75,93,90
549,15,88,65,95,62
550,59,11,60,39,122
551,101,103,83,23,48
552,30,21,105,101,72
553,2,100,81,83,45
554,19,28,116,103,45
555,114,7,112,70,18
556,58,3,26,100,82
557,86,123,41,38,44
558,3,71,99,67,23
559,19,119,51,93,54
560,26,47,43,90,102
561,98,121,12,86,22
562,113,125,59,93,68
563,6,33,79,15,89
564,96,17,36,95,31
565,73,10,115,108,39
566,8,117,114,108,30
567,106,11,124,40,7
568,120,88,42,35,27
569,14,75,97,84,43
570,61,69,9,24,107
571,76,53,49,108,101
572,78,109,58,68,57
573,21,52,4,111,109
574,29,91,85,77,2
575,104,32,46,40,77
576,55,92,74,66,6
577,1,50,37,120,41
578,87,94,82,86,83
579,56,118,112,54,32
580,122,80,91,103,44
581,63,8,67,18,104
582,122,70,87,30,71
583,15,75,47,69,105
584,58,55,31,21,67
585,61,115,11,22,20
586,102,37,99,44,46
587,7,73,113,48,121
588,111,94,63,7,42
589,52,10,35,100,72
590,3,38,88,125,33
591,124,53,85,56,24
592,81,1,9,82,23
593,74,36,106,98,111
594,50,5,14,109,64
595,96,116,117,4,12
596,13,27,118,76,100
597,119,26,120,33,4
598,110,84,62,117,113
599,92,65,89,37,112
600,16,2,125,57,124
601,34,114,79,17,41
602,60,78,107,123,87
603,25,28,75,91,30
604,80,59,92,46,107
605,19,97,105,81,18
606,51,90,29,53,59
607,49,116,69,1,54
608,114,77,14,52,42
609,64,123,58,53,20
610,119,43,104,55,68
611,56,47,65,74,97
612,38,34,57,112,29
613,19,50,31,92,76
614,9,93,60,85,122
615,70,98,102,64,24
616,110,90,71,2,60
617,27,17,80,4,32
618,26,115,99,45,24
619,39,49,36,88,35
620,121,3,16,119,6
621,21,73,13,62,40
622,48,28,86,35,10
623,12,25,46,76,107
624,66,118,61,89,82
625,84,106,5,59,47
626,78,96,72,125,117
627,83,15,96,51,42
628,101,63,95,71,10
629,22,103,2,88,76
630,8,57,9,88,66
631,79,120,118,55,48
632,11,94,89,68,23
633,69,77,12,59,110
634,37,16,36,8,73
635,86,31,72,94,9
636,28,90,109,61,114
637,20,87,116,101,14
638,102,11,33,92,30
639,62,85,63,97,52
640,3,84,104,79,52
641,49,32,121,15,36
642,56,45,7,80,78
643,44,105,100,65,67
644,74,25,27,110,51
645,83,1,43,113,58
646,5,70,39,22,95
647,29,41,13,82,79
648,17,124,51,122,26
649,98,91,40,89,63
650,54,75,78,8,27
651,111,50,34,74,114
652,21,93,44,31,64
653,108,81,96,64,111
654,106,115,50,99,62
655,38,103,113,63,23
656,18,6,42,56,37
657,123,19,10,22,32
658,69,48,104,70,41
659,15,40,35,34,95
660,85,5,75,18,125
661,99,57,11,116,76
662,14,13,124,108,104
663,20,45,21,67,65
664,46,91,38,72,114
665,102,4,121,55,34
666,107,19,118,71,112
667,49,93,3,78,48
668,103,17,42,90,73
669,39,47,58,28,120
670,97,66,109,115,42
671,87,7,12,35,54
672,61,81,36,70,6
673,101,98,6,117,25
674,105,2,113,122,89
675,100,24,8,119,77
676,33,53,93,56,86
677,26,1,95,123,66
678,68,30,12,53,26
679,106,94,16,21,51
680,43,19,125,79,82
681,29,60,14,106,15
682,84,83,54,76,116
683,80,31,108,85,34
684,7,123,33,77,106
685,81,92,109,87,73
686,124,72,118,62,42
687,110,61,93,57,43
688,99,59,97,25,41
689,96,28,68,2,102
690,52,90,5,87,37
691,58,45,48,24,49
692,100,50,75,46,112
693,122,13,67,36,30
694,18,119,108,27,65
695,98,103,54,21,3
696,111,20,30,69,63
697,16,23,33,40,109
698,94,32,47,117,29
699,83,44,114,3,60
700,38,120,85,73,74
701,17,55,60,1,91
702,11,10,82,45,101
703,4,84,88,48,71
704,121,115,69,90,122
705,9,102,77,79,75
706,105,39,71,64,1
707,22,89,107,62,26
708,86,124,116,37,80
709,32,68,120,72,18
710,24,111,12,2,104
711,121,41,19,74,44
712,51,123,55,61,101
713,25,83,67,78,35
714,97,31,15,52,8
715,105,119,117,57,92
716,86,6,95,13,39
717,43,94,70,17,28
718,20,125,47,103,46
719,91,96,88,56,5
720,11,53,66,73,110
721,14,81,65,41,46
722,16,112,122,27,31
723,22,59,100,40,18
724,49,71,5,111,124
725,58,99,80,23,70
726,98,7,115,13,72
727,84,29,107,109,45
728,4,113,39,61,33
729,9,100,121,33,83
730,38,76,10,21,99
731,50,118,23,117,21
732,53,81,37,47,22
733,101,16,65,78,32
734,68,87,115,82,2
735,30,93,34,120,7
736,29,54,23,92,24
737,3,113,95,69,85
738,27,43,39,98,55
739,56,28,40,36,77
740,104,103,11,118,123
741,97,89,9,119,73
742,52,112,105,94,49
743,106,1,4,108,25
744,26,63,64,17,50
745,107,91,53,38,36
746,12,114,60,62,58
747,14,6,57,123,30
748,116,74,78,86,82
749,125,35,22,122,34
750,96,10,61,58,106
751,84,20,119,15,91
752,44,75,89,99,87
753,59,67,19,111,113
754,66,80,75,106,73
755,88,92,79,124,84
756,90,8,72,55,6
757,110,80,81,24,42
758,102,35,76,77,17
759,51,18,60,10,44
760,102,38,69,49,96
761,54,110,1,59,95
762,116,13,60,104,64
763,41,26,83,27,72
764,79,103,70,96,93
765,7,47,25,18,118
766,50,43,122,40,116
767,112,2,109,120,67
768,62,98,51,77,5
769,45,105,125,86,90
770,108,107,15,82,104
771,19,37,20,51,28
772,16,85,68,71,58
773,117,66,86,115,36
774,3,11,32,74,95
775,114,97,9,6,1
776,57,94,59,65,48
777,46,31,48,115,33
778,29,101,111,66,105
779,88,29,97,40,67
780,121,52,14,10,25
781,63,100,56,90,4
782,8,71,120,76,121
783,12,89,83,85,17
784,110,31,30,41,16
785,62,49,91,14,92
786,100,42,41,109,101
787,45,4,64,117,42
788,123,37,2,36,56
789,12,108,27,81,21
790,114,63,23,57,5
791,52,44,80,47,54
792,3,111,87,88,15
793,39,110,50,72,121
794,74,8,7,61,46
795,124,19,99,98,87
796,118,84,44,70,28
797,107,94,53,10,2
798,24,11,38,75,86
799,20,55,112,88,26
800,125,26,87,38,22
801,9,32,30,69,78
802,102,65,34,66,10
803,93,35,46,1,5
804,113,25,70,50,78
805,43,71,91,9,36
806,79,115,83,69,57
807,68,63,31,14,47
808,13,22,28,59,21
809,119,122,23,45,12
810,103,109,7,43,99
811,107,51,63,24,95
812,53,114,103,76,67
813,112,80,6,68,40
814,100,79,64,25,93
815,29,33,108,75,124
816,16,97,96,125,74
817,34,8,60,82,49
818,37,69,57,53,98
819,18,61,62,48,54
820,101,52,35,92,64
821,85,123,55,15,120
822,65,4,73,41,20
823,13,32,76,23,46
824,84,73,105,19,3
825,56,117,89,39,14
826,102,7,83,11,85
827,94,95,100,20,71
828,113,77,47,116,119
829,81,117,15,68,56
830,118,58,98,22,27
831,90,38,77,31,70
832,106,54,82,65,58
833,104,97,93,72,75
834,17,59,29,37,12
835,17,8,81,30,123
836,55,49,125,86,79
837,102,40,62,94,122
838,18,26,121,124,1
839,50,42,32,61,91
840,48,99,6,78,47
841,107,5,21,33,104
842,118,115,34,96,67
843,111,39,51,3,57
844,120,106,117,2,116
845,101,28,11,112,60
846,44,24,16,109,108
847,43,62,41,119,35
848,103,4,95,41,2
849,114,105,88,59,77
850,13,75,88,1,45
851,89,74,53,70,15
852,113,27,66,84,90
853,80,93,82,4,28
854,110,87,96,63,37
855,92,9,19,124,12
856,52,116,62,25,29
857,113,98,125,100,30
858,120,34,21,86,91
859,7,31,101,36,44
860,68,22,84,6,65
861,23,121,107,85,86
862,78,33,20,61,56
863,104,26,44,57,45
864,46,49,17,66,123
865,24,79,108,99,122
866,119,58,63,93,32
867,11,64,19,117,22
868,118,72,109,94,59
869,3,5,67,102,14
870,43,16,1,51,30
871,40,10,8,78,103
872,111,18,42,123,48
873,13,9,35,60,115
874,81,105,124,27,45
875,38,60,47,42,108
876,89,29,55,74,83
877,76,112,69,37,14
878,73,67,28,92,114
879,50,52,90,36,96
880,97,39,116,110,71
881,80,10,74,87,42
882,54,106,91,3,30
883,112,24,103,89,19
884,94,25,76,119,115
885,107,61,73,34,12
886,58,99,101,125,8
887,88,69,82,7,6
888,16,50,70,101,95
889,46,4,67,39,49
890,72,99,81,32,66
891,80,84,102,53,110
892,26,97,5,13,113
893,56,38,85,79,98
894,27,49,23,9,111
895,33,57,68,55,20
896,54,15,31,35,120
897,83,118,65,104,115
898,21,37,92,121,51
899,2,34,48,109,75
900,122,77,11,100,90
901,105,114,40,106,18
902,71,108,17,52,43
903,64,30,90,97,15
904,8,106,11,79,113
905,76,61,58,83,72
906,62,17,85,93,82
907,9,91,98,26,110
908,63,86,59,84,60
909,65,51,36,122,124
910,14,35,96,4,44
911,121,22,45,28,78
912,53,70,120,66,94
913,10,21,119,116,89
914,41,23,105,100,32
915,71,74,50,117,6
916,27,7,80,73,125
917,55,13,54,16,102
918,81,109,38,29,3
919,46,56,92,103,18
920,31,1,32,52,33
921,2,112,104,47,39
922,111,5,43,87,118
923,25,77,20,12,64
924,114,95,68,24,48
925,40,19,69,123,75
926,88,107,72,42,57
927,17,23,56,95,60
928,71,69,33,44,82
929,54,5,86,81,46
930,49,43,88,101,19
931,55,2,61,31,51
932,65,37,39,102,109
933,1,50,110,78,27
934,84,18,8,85,52
935,104,40,111,41,93
936,12,11,105,115,124
937,45,4,123,89,48
938,100,114,25,96,97
939,70,83,26,119,125
940,121,94,7,38,58
941,118,73,64,16,113
942,36,13,120,22,90
943,3,10,68,28,99
944,74,59,9,67,20
945,122,47,76,15,34
946,35,14,106,112,107
947,62,103,80,6,21
948,87,77,29,117,91
949,79,116,108,92,53
950,98,66,75,63,107
951,24,18,51,14,33
952,54,110,114,61,64
953,69,117,124,31,28
954,88,44,29,5,50
955,52,76,24,93,87
956,60,25,65,81,47
957,35,70,46,58,57
958,38,97,62,59,83
959,42,59,8,102,2
960,79,22,16,3,112
961,63,41,103,7,71
962,74,82,26,122,39
963,94,96,37,12,34
964,108,119,120,20,80
965,17,100,53,98,68
966,125,67,40,56,11
967,13,84,111,78,95
968,21,66,86,43,4
969,9,121,101,72,73
970,6,116,19,91,45
971,48,32,106,1,55
972,36,75,27,115,30
973,89,85,113,77,92
974,49,90,10,109,104
975,15,23,118,26,37
976,123,105,99,125,50
977,116,4,72,103,74
978,117,43,7,100,8
979,95,93,109,58,115
980,21,55,19,96,81
981,99,92,36,11,107
982,61,14,120,124,67
983,90,3,9,41,76
984,20,5,82,89,75
985,98,102,73,51,108
986,42,17,97,34,121
987,48,104,15,79,63
988,54,33,123,57,118
989,47,10,110,18,22
990,105,94,88,56,87
991,38,78,53,6,44
992,60,30,40,46,1
993,25,86,49,70,68
994,69,52,66,112,122
995,28,83,113,2,101
996,62,111,39,91,16
997,23,119,84,71,29
998,27,85,31,65,24
999,32,13,114,80,12
1000,35,45,77,69,56
1001,106,64,39,9,45
1002,77,21,101,1,15
1003,66,64,37,32,7
1004,87,49,16,59,120
1005,35,114,36,26,41
1006,47,17,74,40,94
1007,70,63,72,12,106
1008,14,98,125,95,65
1009,44,112,43,81,97
1010,117,118,13,110,24
1011,79,119,78,123,46
1012,42,50,53,83,31
1013,93,54,27,20,90
1014,111,107,28,58,100
1015,82,10,91,8,25
1016,86,11,51,88,96
1017,62,5,109,124,116
1018,92,48,115,38,22
1019,104,34,105,52,113
1020,71,67,57,121,18
1021,61,60,80,29,89
1022,33,6,3,108,2
1023,55,84,73,30,4
1024,75,99,122,85,119
1025,102,19,23,68,44
1026,103,36,121,59,79
1027,76,18,113,111,82
1028,43,10,80,63,124
1029,87,64,125,107,55
1030,2,14,58,74,13
1031,17,86,102,6,57
1032,11,83,103,108,49
1033,76,114,75,51,91
1034,70,109,61,101,4
1035,5,15,65,72,19
1036,24,100,84,56,47
1037,46,9,31,118,68
1038,90,88,33,25,85
1039,16,67,110,93,99
1040,12,26,40,28,42
1041,122,27,97,95,104
1042,30,37,62,71,89
1043,3,7,98,77,23
1044,116,1,115,81,41
1045,120,52,106,38,73
1046,50,32,45,94,54
1047,20,39,96,60,66
1048,48,29,69,53,105
1049,92,123,117,34,112
1050,21,22,8,35,39
1051,78,97,51,29,58
1052,34,18,11,78,87
1053,65,79,114,107,1
1054,120,7,5,42,112
1055,13,44,48,59,125
1056,45,31,25,43,38
1057,76,60,67,85,54
1058,20,50,30,109,24
1059,17,103,69,16,104
1060,28,108,95,57,66
1061,80,93,8,26,14
1062,92,4,83,94,111
1063,41,2,98,10,12
1064,124,110,89,101,3
1065,21,56,9,122,32
1066,75,113,74,37,61
1067,77,99,71,49,106
1068,117,63,22,73,105
1069,123,68,36,84,116
1070,119,15,52,81,6
1071,115,33,86,100,62
1072,91,47,118,88,55
1073,46,53,72,64,82
1074,40,70,102,27,121
1075,90,23,96,53,1
1076,19,35,104,100,50
1077,76,70,19,62,98
1078,122,110,8,29,49
1079,20,81,2,18,16
1080,40,92,25,120,39
1081,7,48,96,17,9
1082,108,77,55,82,97
1083,47,72,3,43,85
1084,30,125,121,35,63
1085,28,65,23,61,88
1086,80,79,51,115,90
1087,99,57,112,45,84
1088,27,26,67,86,106
1089,37,114,31,93,123
1090,68,89,109,111,52
1091,46,22,75,116,83
1092,38,13,66,41,124
1093,64,11,5,94,91
1094,101,14,12,6,118
1095,95,103,117,33,42
1096,107,113,60,4,32
1097,15,71,102,78,24
1098,74,21,73,69,54
1099,105,44,36,58,110
1100,87,119,28,109,1
1101,56,10,59,34,30
1102,56,89,97,49,107
1103,63,19,2,27,64
1104,70,42,59,100,71
1105,9,8,57,38,116
1106,77,93,73,44,83
1107,81,95,34,79,26
1108,103,106,94,125,68
1109,5,67,90,6,4
1110,35,108,74,123,101
1111,65,86,40,7,52
1112,75,16,15,10,105
1113,117,104,55,66,119
1114,72,31,48,99,80
1115,112,113,12,88,36
1116,54,25,29,17,11
1117,98,21,47,45,20
1118,50,120,118,58,69
1119,124,33,121,23,91
1120,43,13,96,122,62
1121,92,84,82,32,14
1122,61,18,115,53,3
1123,111,114,22,85,102
1124,37,24,60,125,115
1125,87,51,41,46,113
1126,76,78,39,30,107
1127,100,79,52,12,4
1128,77,78,94,124,57
1129,102,91,56,106,20
1130,70,117,75,88,9
1131,62,90,73,112,32
1132,81,59,93,23,39
1133,11,80,33,37,97
1134,42,21,14,36,85
1135,64,123,29,43,26
1136,48,74,110,41,119
1137,71,34,98,31,1
1138,120,114,3,122,121
1139,96,38,84,76,101
1140,65,82,50,51,49
1141,2,5,105,66,25
1142,17,92,13,27,15
1143,6,95,54,22,89
1144,7,53,45,16,60
1145,104,24,8,72,28
1146,111,47,19,86,61
1147,63,44,116,55,114
1148,46,99,109,69,26
1149,67,10,108,69,84
1150,40,58,87,73,79
1151,118,18,35,60,93
1152,68,83,45,110,5
1153,103,102,88,66,58
1154,14,99,29,86,90
1155,74,34,36,43,23
1156,94,9,61,81,63
1157,125,41,6,92,109
1158,78,104,65,116,42
1159,64,30,95,47,124
1160,103,111,120,12,1
1161,117,44,2,40,107
1162,38,16,89,28,46
1163,3,70,52,118,48
1164,22,27,37,68,4
1165,54,113,98,96,72
1166,100,85,112,10,13
1167,101,31,91,122,57
1168,15,39,33,83,7
1169,119,56,121,19,16
1170,97,76,35,32,20
1171,80,77,50,17,18
1172,24,59,55,53,11
1173,106,87,21,115,123
1174,51,105,71,8,112
1175,67,62,25,75,95
1176,49,31,7,79,62
1177,82,44,115,56,120
1178,108,114,117,72,125
1179,110,111,33,35,75
1180,113,108,50,15,22
1181,86,78,63,85,91
1182,34,70,14,116,20
1183,68,66,93,101,47
1184,74,96,64,18,49
1185,27,53,71,12,5
1186,100,48,36,81,102
1187,99,88,121,60,2
1188,105,26,6,76,120
1189,39,89,94,73,13
1190,80,23,106,25,109
1191,21,52,41,83,30
1192,90,19,57,87,110
1193,119,24,42,61,98
1194,55,9,65,10,62
1195,104,54,43,92,58
1196,59,17,4,3,75
1197,107,51,123,67,38
1198,97,84,46,124,48
1199,29,82,37,28,103
1200,11,32,69,68,43
1201,40,118,45,51,85
1202,1,8,67,83,63
1203,122,93,10,46,88
1204,77,107,70,103,13
1205,19,8,74,114,66
1206,99,94,33,27,101
1207,82,16,24,40,36
1208,20,124,52,53,123
1209,6,106,31,111,60
1210,109,18,15,86,98
1211,65,3,113,56,80
1212,108,100,78,61,26
1213,2,38,71,118,90
1214,64,102,41,89,120
1215,115,29,7,4,19
1216,22,55,49,76,12
1217,11,30,44,9,119
1218,23,14,97,79,50
1219,45,72,87,122,92
1220,47,1,57,73,59
1221,69,81,125,91,89
1222,32,28,96,116,30
1223,42,39,58,84,77
1224,112,95,21,40,53
1225,35,105,37,95,86
1226,5,104,121,61,77
1227,34,25,27,51,6
1228,54,117,59,99,52
1229,17,28,5,79,33
1230,92,8,75,118,44
1231,39,113,48,14,43
1232,100,103,38,55,110
1233,21,26,90,18,117
1234,67,122,7,111,50
1235,3,93,71,107,25
1236,12,78,125,31,66
1237,101,115,102,46,63
1238,69,83,80,64,36
1239,84,94,114,98,16
1240,72,22,1,2,56
1241,121,65,32,29,111
1242,87,9,108,112,54
1243,37,45,49,100,1
1244,109,17,76,88,21
1245,96,85,68,105,108
1246,62,42,11,41,123
1247,15,70,73,124,82
1248,13,4,91,50,93
1249,35,24,116,7,90
1250,97,106,57,119,92
1251,74,81,104,84,106
1252,34,58,33,53,63
1253,47,23,8,69,70
1254,10,60,117,120,27
1255,20,83,79,19,13
1256,44,57,62,74,24
1257,98,52,121,11,46
1258,76,10,64,81,40
1259,17,39,38,105,119
1260,42,68,113,122,20
1261,112,26,4,58,25
1262,109,35,72,55,71
1263,5,47,9,103,51
1264,73,36,95,29,18
1265,37,67,2,78,43
1266,99,56,118,124,114
1267,85,16,116,97,66
1268,125,110,88,32,104
1269,59,31,82,119,95
1270,96,75,80,41,57
1271,23,115,54,42,49
1272,15,94,107,110,43
1273,34,77,65,16,6
1274,28,86,48,77,76
1275,14,91,60,22,103
1276,61,102,30,87,38
1277,12,89,67,47,35
1278,3,123,5,24,58
1279,101,45,97,117,79
1280,48,26,60,50,73
1281,104,36,7,87,20
1282,98,44,106,89,90
1283,122,55,18,41,25
1284,61,125,52,71,22
1285,27,49,113,114,47
1286,10,37,54,111,70
1287,12,102,74,93,33
1288,72,29,120,100,9
1289,3,86,69,92,1
1290,62,2,15,45,46
1291,31,116,13,121,105
1292,28,11,14,75,81
1293,63,51,68,39,54
1294,82,21,94,23,30
1295,8,56,108,64,48
1296,65,96,99,91,53
1297,34,84,66,118,62
1298,83,124,32,6,18
1299,107,17,19,31,109
1300,115,112,78,70,114
1301,88,80,123,59,98
1302,101,85,20,23,48
1303,40,4,57,15,11
1304,110,79,60,21,70
1305,16,42,29,106,30
1306,22,67,119,34,101
1307,52,78,74,5,60
1308,123,85,2,9,50
1309,117,49,81,80,121
1310,109,27,77,96,112
1311,19,94,14,1,38
1312,46,17,111,36,55
1313,40,108,91,37,59
1314,92,90,102,69,61
1315,113,24,6,63,25
1316,8,13,65,87,12
1317,93,84,89,43,9
1318,56,76,71,73,104
1319,83,35,122,84,117
1320,99,100,95,116,118
1321,58,86,64,75,71
1322,7,124,68,107,119
1323,3,44,66,51,26
1324,33,10,125,29,39
1325,32,103,115,15,44
1326,53,4,88,77,81
1327,28,120,97,98,105
1328,82,45,114,11,3
1329,72,21,34,111,44
1330,41,112,91,68,67
1331,41,85,19,58,30
1332,42,45,93,55,113
1333,18,102,104,99,4
1334,116,23,87,2,69
1335,16,33,122,78,80
1336,43,53,125,75,54
1337,22,88,106,100,69
1338,25,46,74,32,108
1339,31,20,40,110,115
1340,120,65,63,17,101
1341,96,24,83,10,121
1342,86,50,103,124,72
1343,97,8,109,94,60
1344,90,39,123,12,82
1345,7,76,92,59,26
1346,66,35,61,79,27
1347,5,107,37,48,122
1348,14,57,100,27,89
1349,73,49,6,35,28
1350,13,51,56,52,75
1351,105,62,1,4,36
1352,118,81,78,21,107
1353,95,38,88,64,24
1354,47,83,109,123,71
1355,73,43,20,33,116
1356,8,15,96,111,119
1357,82,98,67,13,81
1358,14,54,7,105,55
1359,94,93,36,108,19
1360,113,62,117,53,14
1361,52,91,80,58,95
1362,86,104,114,30,101
1363,10,57,23,113,31
1364,28,56,50,41,84
1365,90,59,46,6,85
1366,18,38,12,69,5
1367,49,26,102,72,52
1368,1,76,112,74,124
1369,61,99,40,9,15
1370,34,45,103,39,27
1371,125,3,97,36,118
1372,70,92,2,65,35
1373,25,87,42,47,125
1374,51,22,77,66,17
1375,110,120,46,23,62
1376,89,32,79,2,86
1377,16,37,47,117,11
1378,106,121,93,53,118
1379,68,29,13,63,76
1380,64,115,6,111,79
1381,83,3,105,91,90
1382,75,101,39,32,26
1383,25,21,102,124,37
1384,64,57,34,85,28
1385,103,84,31,87,26
1386,19,120,33,67,45
1387,59,115,50,89,8
1388,17,99,20,44,1
1389,4,97,65,69,110
1390,10,95,77,123,72
1391,16,100,5,76,80
1392,114,43,42,6,9
1393,74,30,88,92,68
1394,48,40,66,83,54
1395,18,63,108,88,39
1396,106,96,82,78,59
1397,49,119,3,13,37
1398,104,51,94,116,26
1399,55,98,58,60,124
1400,22,109,32,85,5
1401,56,112,29,15,93
1402,11,61,21,84,7
1403,73,24,41,17,8
1404,38,122,63,123,28
1405,70,29,1,85,104
1406,107,121,108,47,62
1407,12,91,48,27,46
1408,71,92,66,80,24
1409,31,4,108,76,89
1410,45,74,107,115,52
1411,54,101,71,103,81
1412,60,68,75,12,50
1413,23,78,72,89,51
1414,38,117,65,93,61
1415,20,125,111,112,38
1416,105,43,109,79,102
1417,10,11,20,6,1
1418,30,22,99,82,42
1419,18,94,79,67,31
1420,19,77,118,41,60
1421,73,2,119,14,114
1422,44,100,91,113,123
1423,110,56,7,12,57
1424,98,33,40,49,32
1425,53,87,35,85,39
1426,70,122,64,116,98
1427,16,9,25,83,14
1428,106,36,15,5,41
1429,97,86,10,73,19
1430,120,95,96,45,61
1431,34,55,90,75,78
1432,58,113,9,22,21
1433,121,74,109,56,54
1434,13,99,34,69,101
1435,118,63,49,20,92
1436,103,122,105,61,118
1437,121,115,43,65,84
1438,11,72,13,33,47
1439,17,2,30,112,80
1440,104,59,25,53,28
1441,125,82,116,102,1
1442,90,81,114,50,33
1443,86,42,44,27,56
1444,18,119,91,107,70
1445,88,8,16,52,37
1446,77,120,68,79,24
1447,96,40,124,71,113
1448,58,117,48,67,17
1449,3,35,94,55,40
1450,110,106,28,112,46
1451,23,4,114,38,87
1452,51,7,70,81,97
1453,66,100,15,67,87
1454,62,64,78,3,68
1455,95,92,55,23,50
1456,57,36,25,111,117
1457,29,46,21,65,71
1458,119,69,72,60,112
1459,39,115,5,108,70
1460,116,93,49,30,111
1461,104,31,11,22,74
1462,8,34,32,124,54
1463,12,97,24,21,99
1464,26,63,96,77,62
1465,82,66,121,14,110
1466,105,80,9,107,101
1467,45,73,10,53,122
1468,41,29,22,94,44
1469,75,103,65,64,100
1470,37,83,106,19,95
1471,90,48,47,58,116
1472,52,2,77,125,9
1473,35,98,48,103,16
1474,18,59,27,43,116
1475,6,36,39,98,78
1476,7,102,123,60,62
1477,42,51,69,1,84
1478,57,120,43,93,125
1479,76,95,44,79,47
1480,89,88,40,119,34
1481,4,10,118,17,78
1482,109,59,45,14,66
1483,86,31,108,58,122
1484,36,61,13,109,53
1485,74,63,3,100,99
1486,64,67,23,52,42
1487,102,29,35,113,107
1488,33,76,106,66,50
1489,80,19,46,34,24
1490,2,7,34,100,54
1491,90,28,94,52,27
1492,72,91,79,30,6
1493,26,71,11,120,115
1494,51,117,12,15,20
1495,121,123,68,87,97
1496,25,89,104,96,73
1497,86,41,117,78,88
1498,81,110,85,92,31
1499,56,83,43,82,38
1500,57,5,49,84,75
1501,18,101,37,58,89
1502,105,46,20,3,42
1503,16,4,124,85,106
1504,8,45,101,90,111
1505,32,59,17,61,10
1506,55,15,69,114,28
1507,47,75,7,82,1
1508,96,87,70,6,32
1509,30,65,108,12,118
1510,50,107,120,37,104
1511,62,8,81,68,35
1512,4,24,54,26,9
1513,63,21,114,125,11
1514,95,94,49,113,85
1515,14,71,88,115,77
1516,41,33,53,119,97
1517,121,64,112,48,51
1518,74,98,91,83,27
1519,60,36,33,92,47
1520,99,111,73,5,55
1521,18,13,28,71,19
1522,40,72,84,25,44
1523,2,124,93,22,97
1524,67,105,72,24,39
1525,110,109,51,122,4
1526,103,57,52,114,29
1527,56,25,101,116,62
1528,80,38,35,1,15
1529,123,23,16,86,22
1530,102,9,95,32,36
1531,76,37,57,45,36
1532,23,66,18,30,45
1533,50,46,87,98,112
1534,106,17,125,122,14
1535,53,74,105,60,38
1536,20,29,6,107,96
1537,73,91,115,68,90
1538,108,110,7,86,113
1539,111,80,56,26,2
1540,58,81,11,111,76
1541,16,92,10,26,115
1542,49,21,2,61,41
1543,59,69,93,21,105
1544,121,75,79,42,118
1545,27,82,123,76,65
1546,31,39,100,124,44
1547,43,70,77,67,55
1548,89,99,64,84,120
1549,102,119,50,118,86
1550,63,109,40,12,43
1551,48,19,25,88,103
1552,13,6,104,23,108
1553,54,28,122,107,41
1554,3,8,5,34,31
1555,117,94,46,73,123
1556,83,112,23,99,35
1557,113,81,120,83,88
1558,58,56,96,3,33
1559,15,125,59,58,23
1560,110,30,52,44,13
1561,70,80,94,65,11
1562,116,77,60,57,22
1563,37,85,55,44,61
1564,14,68,40,38,104
1565,90,42,124,92,96
1566,4,8,98,95,121
1567,109,103,113,9,91
1568,16,1,61,68,97
1569,63,82,112,117,48
1570,66,89,114,7,10
1571,53,49,32,51,19
1572,101,106,24,43,29
1573,64,119,54,36,78
1574,27,87,62,69,95
1575,71,108,45,41,17
1576,84,20,72,37,17
1577,12,86,74,84,77
1578,5,59,101,40,100
1579,47,32,67,28,115
1580,39,79,99,51,93
1581,75,21,100,92,6
1582,18,120,9,82,53
1583,102,67,31,97,54
1584,50,11,27,3,116
1585,85,26,117,103,65
1586,119,5,125,76,62
1587,19,52,39,122,118
1588,57,13,106,25,123
1589,16,72,107,90,14
1590,56,55,66,91,71
1591,1,89,42,24,49
1592,33,105,70,22,7
1593,4,47,125,41,121
1594,12,122,81,6,48
1595,2,29,98,104,93
1596,35,124,59,64,33
1597,111,69,94,24,63
1598,80,104,60,46,71
1599,8,20,86,83,114
1600,10,79,74,9,28
1601,110,73,88,34,38
1602,30,105,78,109,14
1603,102,45,58,63,112
1604,18,75,87,48,94
1605,15,116,17,110,76
1606,91,97,7,111,39
1607,77,37,38,54,99
1608,40,90,103,119,30
1609,100,60,51,43,120
1610,69,25,22,61,80
1611,84,2,36,115,113
1612,55,52,27,107,82
1613,70,44,12,16,95
1614,8,53,26,47,50
1615,74,118,29,1,117
1616,21,68,34,106,82
1617,20,121,62,15,89
1618,79,124,54,88,17
1619,114,71,32,39,53
1620,56,31,64,109,73
1621,19,78,92,98,93
1622,49,44,65,46,10
1623,123,96,103,70,14
1624,75,72,31,120,4
1625,85,3,104,91,24
1626,57,81,50,34,38
1627,66,111,113,99,62
1628,87,86,17,115,55
1629,11,35,109,51,119
1630,67,80,118,76,73
1631,83,107,116,59,61
1632,42,101,13,98,108
1633,18,102,5,30,77
1634,101,52,10,5,50
1635,69,121,12,3,117
1636,42,19,125,26,33
1637,63,97,36,89,65
1638,83,11,95,43,48
1639,100,73,23,123,110
1640,57,21,16,32,71
1641,1,108,4,66,2
1642,22,96,46,95,7
1643,40,92,74,65,90
1644,28,125,84,54,62
1645,20,95,35,82,105
1646,41,39,69,11,89
1647,112,86,61,116,33
1648,106,58,27,38,32
1649,47,77,111,14,15
1650,64,60,68,122,71
1651,124,13,9,37,6
1652,45,70,36,88,31
1653,75,23,102,81,78
1654,29,67,79,27,25
1655,85,49,78,120,18
1656,8,107,94,6,56
1657,114,87,93,72,117
1658,64,81,51,125,67
1659,63,16,91,76,66
1660,8,113,19,38,17
1661,22,43,90,56,76
1662,122,89,42,103,99
1663,108,3,53,111,79
1664,105,26,40,24,32
1665,98,123,15,25,34
1666,44,112,60,28,21
1667,84,33,48,30,5
1668,106,59,41,101,104
1669,12,4,9,104,62
1670,102,88,116,68,87
1671,96,55,80,39,118
1672,115,100,124,47,18
1673,58,93,11,97,103
1674,46,77,35,52,94
1675,2,45,20,114,75
1676,7,28,37,1,92
1677,121,74,110,25,119
1678,29,109,13,57,82
1679,83,49,72,36,14
1680,10,85,61,62,124
1681,27,53,118,88,1
1682,64,15,26,31,74
1683,24,41,37,57,87
1684,54,47,70,83,2
1685,113,117,76,75,79
1686,92,58,46,44,18
1687,107,42,34,9,114
1688,67,80,22,30,94
1689,60,13,100,63,85
1690,49,84,106,110,6
1691,21,48,96,120,93
1692,12,29,35,16,102
1693,122,72,81,109,59
1694,65,33,91,51,4
1695,73,108,7,20,23
1696,105,68,66,90,19
1697,99,5,10,119,86
1698,43,50,69,40,115
1699,101,55,56,78,97
1700,45,8,98,3,106
1701,123,52,121,112,24
1702,115,38,66,25,97
1703,41,110,10,67,26
1704,112,55,85,105,74
1705,7,29,28,120,121
1706,59,108,34,77,48
1707,30,36,56,47,27
1708,45,15,124,65,21
1709,78,111,43,95,73
1710,93,32,3,50,119
1711,99,92,109,60,49
1712,116,72,35,37,113
1713,5,6,88,2,31
1714,125,68,89,61,8
1715,19,91,14,75,44
1716,53,122,84,87,22
1717,54,94,4,42,90
1718,81,16,104,69,39
1719,100,118,82,57,40
1720,23,79,1,70,9
1721,11,63,96,107,17
1722,46,83,101,117,86
1723,71,12,51,58,114
1724,52,20,102,103,80
1725,123,64,18,13,107
1726,98,28,96,117,125
1727,71,94,116,112,118
1728,100,41,81,53,91
1729,98,113,65,56,18
1730,75,68,52,83,110
1731,15,50,80,97,92
1732,93,101,122,62,23
1733,60,79,11,78,45
1734,115,16,111,48,72
1735,70,61,106,20,67
1736,123,17,27,42,74
1737,120,88,84,44,66
1738,19,43,10,1,104
1739,90,49,2,12,21
1740,82,24,25,108,114
1741,86,32,59,29,87
1742,6,85,54,77,51
1743,13,89,46,34,33
1744,36,40,8,9,39
1745,3,109,37,26,22
1746,124,63,35,30,4
1747,55,38,103,5,64
1748,102,105,76,31,99
1749,47,69,57,73,119
1750,121,58,14,122,40
1751,95,7,87,103,56
1752,99,38,51,48,70
1753,78,8,104,96,27
1754,120,83,6,58,98
1755,33,115,60,24,55
1756,66,85,118,23,125
1757,65,16,114,52,67
1758,86,1,31,93,41
1759,2,7,102,19,25
1760,72,18,79,63,69
1761,61,97,77,46,3
1762,35,17,5,32,36
1763,12,47,82,37,50
1764,9,15,29,75,95
1765,108,91,94,123,43
1766,107,117,76,106,10
1767,112,80,42,13,88
1768,59,44,54,121,45
1769,14,34,20,84,111
1770,110,89,105,30,81
1771,21,73,74,4,100
1772,101,53,90,28,26
1773,22,62,71,92,83
1774,109,113,64,11,39
1775,116,124,49,119,77
1776,57,68,30,43,7
1777,56,89,86,124,12
1778,97,103,49,35,45
1779,87,106,78,54,91
1780,9,82,11,121,105
1781,62,41,90,79,99
1782,61,27,13,28,51
1783,53,66,40,117,37
1784,109,48,50,68,21
1785,24,44,107,5,65
1786,88,94,60,14,3
1787,63,108,1,115,81
1788,2,42,36,119,67
1789,38,32,85,4,52
1790,22,74,96,57,19
1791,55,113,23,16,25
1792,111,26,100,122,102
1793,64,29,6,33,118
1794,20,8,112,92,76
1795,98,73,116,75,84
1796,114,59,39,123,47
1797,10,71,125,15,120
1798,101,110,69,17,95
1799,31,104,58,80,75
1800,70,72,46,102,121
1801,93,34,18,90,24
1802,5,56,115,20,58
1803,26,57,17,89,94
1804,96,85,37,79,29
1805,47,65,87,9,104
1806,55,116,46,53,67
1807,105,18,60,1,73
1808,106,111,33,52,66
1809,45,27,48,62,80
1810,118,69,42,76,86
1811,50,54,22,110,114
1812,16,41,40,123,3
1813,23,35,68,14,51
1814,98,101,11,30,31
1815,119,84,71,95,81
1816,25,70,93,8,64
1817,72,7,32,77,78
1818,36,100,34,61,117
1819,10,39,4,112,6
1820,109,19,63,97,120
1821,108,21,83,125,99
1822,28,91,2,124,82
1823,107,38,12,59,15
1824,122,88,92,43,98
1825,103,13,74,113,24
1826,49,44,26,118,20
1827,119,85,12,7,64
1828,44,42,70,11,10
1829,89,123,36,116,48
1830,46,9,57,78,99
1831,22,27,55,6,18
1832,82,117,62,17,115
1833,69,96,33,83,15
1834,81,29,113,4,68
1835,25,90,65,125,95
1836,51,16,88,73,8
1837,76,32,30,1,100
1838,39,13,56,38,31
1839,71,5,124,72,110
1840,109,121,91,84,104
1841,21,103,59,3,63
1842,43,2,86,35,106
1843,66,92,61,47,41
1844,93,94,45,74,102
1845,111,60,37,67,75
1846,80,28,14,87,108
1847,107,40,77,19,23
1848,101,54,52,120,79
1849,49,50,122,105,34
1850,53,97,114,112,29
1851,58,66,77,30,79
1852,57,122,4,20,97
1853,112,25,124,22,73
1854,41,55,109,83,80
1855,33,119,54,92,104
1856,84,63,45,61,118
1857,47,64,23,43,90
1858,81,18,42,106,15
1859,7,44,82,48,101
1860,107,75,50,1,103
1861,114,60,62,70,56
1862,13,93,121,71,35
1863,67,21,89,40,85
1864,27,31,24,9,111
1865,53,123,10,95,8
1866,72,58,65,94,100
1867,36,99,16,26,11
1868,120,12,46,68,108
1869,69,125,88,78,116
1870,14,59,98,52,76
1871,6,110,87,3,19
1872,96,91,105,115,116
1873,17,102,39,34,28
1874,74,38,37,86,30
1875,2,32,117,51,84
1876,49,5,80,63,74
1877,113,7,21,122,94
1878,22,42,43,31,28
1879,93,12,54,73,53
1880,111,120,40,70,4
1881,79,19,16,82,15
1882,62,11,88,91,52
1883,107,67,48,32,57
1884,27,49,41,102,38
1885,85,44,86,68,103
1886,59,35,75,89,66
1887,77,76,39,65,115
1888,96,5,123,81,9
1889,100,83,114,90,78
1890,34,51,92,110,125
1891,104,72,60,23,97
1892,29,18,101,20,36
1893,113,124,50,87,58
1894,98,119,55,37,63
1895,112,33,17,14,43
1896,121,69,6,26,30
1897,56,108,105,106,118
1898,95,46,109,2,107
1899,64,61,1,24,16
1900,45,13,47,99,117
1901,3,10,25,51,18
1902,71,8,97,91,42
1903,101,80,47,3,81
1904,102,4,11,53,48
1905,62,49,39,24,58
1906,13,87,96,40,1
1907,59,124,55,70,69
1908,41,60,52,64,116
1909,79,7,5,83,118
1910,8,14,86,57,21
1911,29,90,77,110,98
1912,73,113,32,45,82
1913,89,6,50,74,28
1914,125,46,56,93,75
1915,67,117,122,33,78
1916,35,123,61,31,19
1917,103,111,12,92,23
1918,88,95,121,115,106
1919,85,109,20,27,110
1920,15,108,84,54,100
1921,65,119,120,112,38
1922,71,9,76,25,37
1923,10,114,68,36,94
1924,2,34,72,99,64
1925,66,104,26,46,113
1926,44,105,17,12,25
1927,22,108,78,29,89
1928,13,84,11,8,90
1929,106,17,22,93,9
1930,95,117,91,20,31
1931,83,10,63,50,77
1932,32,104,103,34,79
1933,6,60,40,38,76
1934,71,7,26,14,65
1935,49,15,43,121,61
1936,92,59,16,27,2
1937,100,51,69,45,107
1938,37,81,118,114,120
1939,80,122,35,125,44
1940,56,41,88,111,85
1941,3,62,74,67,72
1942,99,87,4,98,82
1943,24,73,66,101,102
1944,54,68,58,96,41
1945,109,124,94,1,101
1946,48,47,55,42,19
1947,52,28,86,105,70
1948,5,116,21,97,39
1949,115,53,30,75,49
1950,23,18,33,57,88
1951,119,123,1,111,83
1952,36,112,108,19,70
1953,58,55,117,110,8
1954,72,119,75,105,27
1955,34,66,109,116,65
1956,86,64,45,40,22
1957,99,68,95,6,80
1958,59,120,51,57,42
1959,98,81,103,10,33
1960,112,5,82,89,122
1961,104,118,21,62,38
1962,123,2,125,60,29
1963,73,87,26,35,85
1964,114,15,113,115,102
1965,124,20,74,107,90
1966,56,16,4,28,77
1967,9,18,7,84,52
1968,50,94,39,61,25
1969,46,23,63,106,36
1970,31,78,92,17,3
1971,76,24,97,43,12
1972,79,13,14,48,10
1973,53,69,44,34,62
1974,96,121,67,92,38
1975,54,71,30,20,19
1976,93,100,11,6,66
1977,47,32,91,122,120
1978,37,101,2,115,103
1979,51,86,104,111,90
1980,7,76,89,3,55
1981,28,110,48,25,35
1982,4,93,47,107,84
1983,116,114,14,85,101
1984,118,31,16,119,46
1985,8,99,65,1,22
1986,9,117,30,97,64
1987,72,96,108,26,45
1988,23,80,82,54,8
1989,37,70,78,21,123
1990,125,100,49,112,79
1991,81,57,58,61,60
1992,27,124,11,68,117
1993,71,36,69,98,74
1994,33,95,102,59,1
1995,53,42,83,56,25
1996,73,67,63,15,44
1997,91,24,50,17,67
1998,109,106,77,75,74
1999,52,12,87,39,100
2000,41,105,43,13,5
2001,29,88,40,54,10
2002,32,121,18,66,31
2003,94,20,121,78,16
2004,113,28,63,95,93
2005,27,89,114,23,44
2006,4,123,76,88,49
2007,42,39,37,46,14
2008,15,104,53,99,52
2009,41,73,29,115,46
2010,19,72,56,11,50
2011,18,110,45,70,43
2012,87,5,61,90,75
2013,62,94,32,64,98
2014,105,58,2,78,15
2015,92,107,108,116,81
2016,6,86,48,113,97
2017,119,79,80,106,39
2018,40,55,125,102,84
2019,21,35,47,24,88
2020,7,91,69,13,49
2021,82,36,118,103,77
2022,60,124,17,83,66
2023,3,96,65,30,122
2024,34,71,85,11,106
2025,59,22,68,111,13
2026,51,9,53,80,98
2027,26,38,33,63,2
2028,57,12,112,1,113
2029,109,103,114,96,76
2030,120,16,74,87,34
2031,3,75,112,86,54
2032,47,26,58,29,116
2033,43,37,44,4,8
2034,36,50,38,79,44
2035,91,118,70,89,58
2036,117,57,102,85,108
2037,62,55,28,65,81
2038,6,23,109,67,123
2039,77,95,122,104,114
2040,35,69,27,60,10
2041,92,24,84,94,79
2042,71,48,31,90,100
2043,99,32,56,14,110
2044,40,33,72,101,68
2045,83,18,97,26,82
2046,17,52,61,119,113
2047,121,19,5,73,37
2048,124,51,7,93,36
2049,9,125,45,115,109
2050,20,59,25,46,43
2051,22,107,120,41,33
2052,111,42,64,105,21
2053,30,12,106,83,28
2054,90,32,69,123,102
2055,34,30,95,45,55
2056,12,99,67,88,71
2057,125,57,105,124,16
2058,122,74,8,2,18
2059,3,38,117,35,42
2060,4,60,15,103,22
2061,94,59,5,85,97
2062,62,100,29,50,14
2063,64,10,80,91,37
2064,101,65,111,19,53
2065,52,89,25,31,87
2066,77,93,81,112,27
2067,115,119,6,94,13
2068,39,54,72,1,98
2069,48,73,61,40,91
2070,121,23,76,41,34
2071,75,24,120,11,23
2072,104,110,82,63,42
2073,92,9,68,56,100
2074,7,107,125,53,31
2075,108,47,51,52,44
2076,96,84,46,64,82
2077,116,17,40,18,80
2078,20,21,66,13,72
2079,86,49,66,107,98
2080,118,11,14,54,123
2081,70,26,5,27,113
2082,78,71,47,28,49
2083,50,65,41,78,35
2084,122,19,29,69,106
2085,63,22,32,20,88
2086,70,85,30,15,39
2087,74,97,99,43,58
2088,103,119,108,90,67
2089,57,2,55,121,10
2090,89,117,111,77,80
2091,1,36,120,110,62
2092,8,33,87,105,79
2093,124,102,3,104,44
2094,83,76,93,85,84
2095,60,25,86,91,36
2096,12,109,32,10,118
2097,101,16,38,75,71
2098,96,112,59,110,24
2099,68,17,73,65,2
2100,81,56,45,52,6
2101,115,51,21,95,118
2102,92,114,48,106,4
2103,7,116,24,117,4
2104,61,23,112,115,98
2105,9,35,108,58,67
2106,123,97,28,75,33
2107,50,20,9,55,99
2108,107,54,21,25,26
2109,114,31,40,49,81
2110,53,72,76,61,95
2111,83,122,16,13,86
2112,46,79,124,81,111
2113,103,120,27,73,39
2114,11,5,104,57,92
2115,17,100,70,97,84
2116,7,63,47,6,16
2117,96,43,89,60,102
2118,69,37,68,93,77
2119,48,78,66,74,56
2120,29,30,51,72,17
2121,101,88,119,96,100
2122,45,1,14,67,5
2123,82,38,116,111,10
2124,22,34,12,91,26
2125,19,62,18,59,4
2126,87,109,42,62,40
2127,90,15,109,88,7
2128,125,3,113,20,120
2129,64,121,27,101,87
2130,8,41,15,118,48
2131,94,105,83,37,23
2132,1,3,52,34,58
2133,9,60,59,119,117
2134,86,123,65,110,11
2135,94,47,106,31,103
2136,32,108,55,75,41
2137,57,39,90,44,22
2138,21,79,98,114,102
2139,53,113,43,77,92
2140,125,50,30,13,73
2141,38,84,124,80,29
2142,61,14,6,104,18
2143,71,33,70,82,74
2144,105,107,71,63,123
2145,85,25,99,33,45
2146,42,116,12,95,66
2147,36,24,54,122,76
2148,19,46,21,27,76
2149,28,68,115,8,107
2150,112,78,109,111,18
2151,51,89,83,103,121
2152,69,64,20,65,79
2153,2,40,52,97,95
2154,49,93,82,67,68
2155,56,35,1,90,120
2156,89,32,19,95,92
2157,100,105,77,42,45
2158,46,69,8,5,54
2159,58,16,53,17,85
2160,99,73,106,96,124
2161,50,98,7,104,35
2162,43,36,3,66,87
2163,34,112,9,83,102
2164,60,48,30,87,2
2165,23,10,31,84,58
2166,108,62,37,33,110
2167,75,39,121,99,63
2168,72,12,41,125,6
2169,56,59,26,79,61
2170,70,49,29,3,57
2171,55,15,13,51,116
2172,38,122,11,46,15
2173,113,44,78,80,59
2174,64,114,88,74,61
2175,25,81,13,32,70
2176,94,117,49,104,22
2177,14,24,119,22,102
2178,28,118,18,76,11
2179,115,93,52,57,80
2180,91,101,112,107,15
2181,86,4,34,67,96
2182,47,17,75,85,98
2183,73,14,9,63,86
2184,105,51,62,97,31
2185,28,5,40,66,93
2186,81,26,43,119,19
2187,120,25,69,92,30
2188,2,53,23,89,71
2189,111,125,74,32,44
2190,29,45,91,92,119
2191,54,109,117,16,18
2192,7,123,115,99,27
2193,118,47,110,102,107
2194,64,77,44,106,1
2195,108,60,8,101,12
2196,84,37,112,90,16
2197,10,56,24,20,100
2198,72,82,88,55,52
2199,4,50,46,45,71
2200,42,68,78,5,25
2201,6,103,116,122,124
2202,121,21,36,80,1
2203,48,39,29,23,3
2204,113,38,89,54,47
2205,65,42,75,96,94
2206,114,41,7,74,35
2207,56,123,122,85,12
2208,41,97,98,20,22
2209,21,87,17,77,120
2210,4,101,61,125,118
2211,65,43,6,57,62
2212,30,114,111,121,17
2213,60,82,90,113,31
2214,70,76,68,53,74
2215,55,14,93,92,123
2216,33,49,9,16,94
2217,64,63,57,53,110
2218,91,35,79,57,40
2219,95,67,13,26,77
2220,51,50,106,102,37
2221,27,100,3,83,107
2222,72,28,85,36,15
2223,66,8,81,103,69
2224,34,10,115,78,19
2225,84,105,103,114,46
2226,86,39,95,18,41
2227,48,88,104,105,37
2228,109,108,38,69,93
2229,24,2,118,124,30
2230,117,39,43,71,52
2231,116,11,2,100,19
2232,58,59,73,36,90
2233,76,108,64,50,121
2234,104,120,55,94,76
2235,48,1,125,24,91
2236,21,10,75,22,47
2237,56,67,29,11,83
2238,58,13,4,78,14
2239,40,106,7,112,72
2240,60,20,93,110,16
2241,31,63,116,54,56
2242,9,89,88,28,45
2243,111,25,11,87,49
2244,70,80,66,122,90
2245,81,35,99,82,22
2246,101,51,113,123,84
2247,12,115,3,14,64
2248,119,68,18,38,114
2249,98,44,109,33,100
2250,117,5,23,91,21
2251,42,32,60,65,37
2252,61,96,44,71,6
2253,59,67,7,8,124
2254,73,79,42,92,72
2255,86,62,26,47,112
2256,97,27,108,88,40
2257,34,68,118,113,43
2258,77,8,121,85,107
2259,75,26,88,93,30
2260,87,97,10,45,102
2261,104,17,125,36,103
2262,105,54,65,61,93
2263,35,34,124,53,5
2264,58,69,82,119,28
2265,83,73,31,33,65
2266,24,109,86,53,78
2267,111,98,118,97,13
2268,55,79,4,122,1
2269,110,115,9,122,85
2270,63,29,27,34,70
2271,52,19,124,23,48
2272,89,106,100,55,16
2273,96,2,50,66,39
2274,59,6,74,101,49
2275,116,32,8,120,80
2276,95,38,100,22,72
2277,15,94,86,81,20
2278,117,41,14,81,120
2279,46,51,40,20,47
2280,84,12,33,121,60
2281,62,30,103,61,78
2282,99,19,114,91,59
2283,25,84,1,26,68
2284,66,112,64,104,123
2285,75,43,124,114,13
2286,29,42,61,99,111
2287,17,56,23,119,51
2288,117,90,50,70,6
2289,24,38,98,45,12
2290,5,95,108,49,54
2291,125,94,82,66,86
2292,96,10,52,36,109
2293,92,101,39,35,76
2294,79,107,89,109,58
2295,21,18,110,91,12
2296,105,113,67,69,4
2297,63,25,41,77,9
2298,115,74,83,104,45
2299,27,15,37,57,56
2300,73,62,107,16,43
2301,11,32,112,95,3
2302,87,44,76,2,81
2303,48,69,9,85,2
2304,28,116,3,23,4
2305,7,80,34,10,105
2306,46,1,6,17,114
2307,71,102,79,8,62
2308,106,90,97,55,26
2309,31,59,50,88,65
2310,27,54,103,57,111
2311,115,89,42,93,33
2312,49,48,73,52,22
2313,68,31,55,29,21
2314,108,18,125,37,99
2315,19,117,80,12,94
2316,40,110,78,76,124
2317,35,84,11,59,115
2318,44,116,9,93,118
2319,70,41,51,87,63
2320,15,24,32,83,6
2321,47,96,97,34,37
2322,38,20,39,53,106
2323,77,101,25,123,58
2324,122,75,25,119,8
2325,46,74,91,72,118
2326,36,22,121,81,90
2327,82,92,102,64,13
2328,71,113,40,99,30
2329,7,75,17,45,58
2330,67,28,98,60,5
2331,120,102,78,95,124
2332,14,69,31,97,111
2333,50,18,43,103,85
2334,65,13,106,120,2
2335,122,71,73,3,27
2336,11,20,77,73,119
2337,62,63,92,52,78
2338,60,39,107,88,19
2339,72,123,80,86,43
2340,105,98,117,92,48
2341,68,32,79,47,74
2342,35,96,18,89,51
2343,44,83,87,119,4
2344,64,49,17,28,99
2345,14,15,66,67,29
2346,5,125,70,24,106
2347,82,41,42,6,102
2348,108,10,30,90,46
2349,84,21,101,67,19
2350,116,121,16,45,68
2351,33,36,113,21,53
2352,38,23,7,26,78
2353,56,104,112,30,117
2354,94,110,2,79,61
2355,109,70,101,57,28
2356,54,115,60,13,66
2357,1,71,87,108,11
2358,100,25,86,121,113
2359,62,20,48,76,104
2360,61,122,63,37,7
2361,64,4,80,27,114
2362,38,9,90,3,82
2363,112,31,77,125,91
2364,8,49,56,34,40
2365,57,72,83,81,50
2366,29,5,120,47,105
2367,74,116,51,14,95
2368,44,94,53,69,41
2369,15,25,118,103,110
2370,23,32,65,22,58
2371,52,26,98,89,1
2372,107,111,35,36,6
2373,55,12,36,75,11
2374,123,30,59,118,120
2375,96,16,42,50,84
2376,33,114,69,5,76
2377,100,46,85,80,24
2378,39,68,125,15,84
2379,10,113,106,93,92
2380,109,47,77,2,33
2381,88,46,83,39,124
2382,54,97,44,117,1
2383,56,102,21,119,52
2384,67,104,100,89,37
2385,20,87,107,99,118
2386,88,58,42,85,7
2387,16,108,61,82,51
2388,22,101,115,79,116
2389,9,19,66,64,58
2390,70,75,40,62,13
2391,29,8,72,109,63
2392,57,98,95,60,34
2393,45,41,103,112,28
2394,91,38,102,65,74
2395,49,96,12,31,23
2396,122,24,81,73,17
2397,26,48,121,53,119
2398,110,111,71,86,59
2399,35,54,100,28,94
2400,27,14,43,32,33
2401,3,84,2,41,111
2402,105,6,73,53,70
2403,18,10,123,124,26
2404,4,5,115,16,36
2405,55,49,95,60,26
2406,74,81,85,19,1
2407,83,40,63,98,68
2408,82,43,21,58,37
2409,13,3,15,17,93
2410,56,69,75,51,24
2411,79,12,78,123,20
2412,44,121,124,108,14
2413,116,106,62,64,59
2414,22,66,119,51,76
2415,87,92,67,86,70
2416,99,120,94,34,51
2417,46,35,101,42,29
2418,11,89,61,72,25
2419,90,118,17,63,35
2420,88,105,112,114,26
2421,7,81,97,32,125
2422,8,30,100,27,125
2423,31,37,52,69,6
2424,4,9,65,108,89
2425,77,54,91,71,50
2426,96,10,47,110,45
2427,18,38,117,57,66
2428,23,74,39,110,80
2429,109,25,103,53,13
2430,122,55,107,30,113
2431,104,22,5,118,82
2432,48,65,95,14,18
2433,86,120,12,61,107
2434,15,121,91,93,57
2435,36,45,123,76,29
2436,94,95,27,84,59
2437,122,38,83,64,28
2438,103,19,113,41,124
2439,40,54,46,16,90
2440,2,62,117,3,42
2441,112,20,7,92,8
2442,106,67,102,105,43
2443,23,115,97,107,104
2444,47,55,73,68,39
2445,49,78,1,84,9
2446,48,44,11,24,28
2447,75,21,52,79,109
2448,31,72,10,77,87
2449,101,71,114,33,34
2450,4,60,50,111,32
2451,80,99,98,56,96
2452,85,82,116,49,46
2453,88,55,93,87,71
2454,76,125,19,86,27
2455,47,12,92,52,72
2456,68,33,15,122,44
2457,11,38,111,30,116
2458,59,103,74,4,56
2459,53,14,21,80,7
2460,90,106,13,69,94
2461,6,48,35,3,109
2462,61,100,77,110,123
2463,75,41,54,101,62
2464,65,24,121,89,60
2465,73,50,10,114,115
2466,102,36,31,8,96
2467,37,113,99,17,117
2468,18,58,63,120,88
2469,104,67,83,81,79
2470,39,34,119,85,108
2471,45,91,64,43,5
2472,42,70,97,112,16
2473,22,105,98,9,29
2474,78,2,40,1,51
2475,23,57,32,25,66
2476,20,28,111,47,80
2477,77,89,39,81,48
2478,68,107,50,82,119
2479,96,123,72,30,115
2480,78,29,38,31,108
2481,10,92,63,4,75
2482,95,94,66,41,12
2483,2,45,69,11,125
2484,71,26,120,16,117
2485,34,44,55,112,22
2486,121,43,35,88,99
2487,42,14,57,76,6
2488,9,114,5,52,100
2489,40,65,17,105,86
2490,104,109,49,8,64
2491,20,62,21,122,74
2492,32,116,97,61,18
2493,46,67,93,24,59
2494,33,25,56,7,73
2495,54,37,103,58,98
2496,101,91,27,110,36
2497,23,113,70,85,1
2498,87,118,90,79,124
2499,15,53,3,102,60
2500,84,83,13,19,77
2501,106,97,27,62,119
2502,51,96,68,85,81
2503,80,101,112,32,118
2504,75,74,37,40,94
2505,43,29,103,44,76
2506,4,8,100,15,99
2507,114,58,116,48,123
2508,25,50,38,93,2
2509,105,3,45,66,24
2510,60,125,92,1,71
2511,70,11,82,61,88
2512,33,26,86,79,13
2513,23,67,102,20,28
2514,107,84,108,91,124
2515,19,35,34,12,111
2516,78,14,39,22,64
2517,55,36,117,46,63
2518,54,56,113,121,6
2519,57,10,53,89,49
2520,41,30,21,42,73
2521,98,7,5,65,106
2522,47,18,87,59,104
2523,17,16,72,69,110
2524,95,52,83,90,120
2525,115,31,122,109,106
2526,9,113,34,15,87
2527,85,42,72,27,90
2528,92,37,53,35,9
2529,17,121,59,13,5
2530,48,124,51,125,57
2531,97,96,3,4,107
2532,116,20,83,108,109
2533,39,103,84,117,10
2534,73,2,58,6,67
2535,99,77,32,44,40
2536,89,38,14,71,105
2537,62,24,8,120,111
2538,25,18,21,54,112
2539,28,100,1,88,46
2540,119,64,33,30,94
2541,60,52,91,70,81
2542,63,16,11,12,80
2543,69,98,118,36,122
2544,114,65,55,29,23
2545,7,82,74,43,41
2546,22,86,93,56,45
2547,19,31,104,110,68
2548,26,75,115,61,102
2549,76,47,101,78,90
2550,49,66,79,123,50
2551,95,7,76,111,100
2552,26,109,73,9,19
2553,116,27,12,53,75
2554,71,81,124,86,3
2555,14,1,56,61,117
2556,46,5,113,41,119
2557,96,108,103,21,66
2558,51,79,88,54,29
2559,114,84,104,32,89
2560,39,59,107,40,36
2561,115,121,48,49,47
2562,4,70,34,110,30
2563,78,65,74,11,52
2564,80,43,95,50,42
2565,6,23,68,64,118
2566,98,17,82,62,10
2567,87,67,13,63,112
2568,37,31,15,22,123
2569,85,28,92,25,97
2570,20,69,60,77,38
2571,44,35,18,72,91
2572,101,2,55,105,99
2573,122,57,16,45,58
2574,24,106,83,103,82
2575,93,94,125,102,109
2576,33,120,40,45,113
2577,8,44,93,61,39
2578,26,72,58,56,106
2579,1,11,121,90,67
2580,3,76,59,73,12
2581,70,79,35,10,125
2582,91,85,98,89,8
2583,53,115,32,124,20
2584,41,38,88,17,33
2585,83,31,107,99,21
2586,68,42,36,75,34
2587,18,24,114,16,22
2588,81,9,30,14,112
2589,118,94,43,60,78
2590,110,28,108,7,52
2591,111,15,25,104,46
2592,87,66,54,119,122
2593,50,5,27,29,117
2594,77,92,51,102,80
2595,96,63,86,69,62
2596,71,37,116,65,84
2597,97,57,123,13,95
2598,4,23,101,120,69
2599,105,64,47,19,100
2600,49,55,27,54,52
2601,2,74,118,77,24
2602,48,84,110,8,43
2603,6,22,79,59,71
2604,124,66,56,15,55
2605,113,62,112,58,60
2606,49,75,7,3,67
2607,81,65,46,34,107
2608,83,4,47,91,94
2609,33,117,95,70,93
2610,109,30,23,74,16
2611,105,123,87,125,6
2612,82,51,31,32,63
2613,86,21,90,116,2
2614,108,73,45,104,72
2615,99,11,10,85,14
2616,28,42,114,19,121
2617,44,17,12,106,9
2618,50,92,64,36,18
2619,97,76,35,68,102
2620,26,48,20,100,96
2621,103,1,57,80,115
2622,111,37,119,88,101
2623,98,25,120,78,48
2624,38,5,61,40,103
2625,13,41,89,122,29
2626,39,41,51,27,118
2627,53,24,90,117,107
2628,98,20,14,104,101
2629,89,59,70,2,54
2630,66,11,8,5,26
2631,125,77,116,29,56
2632,111,57,85,83,105
2633,122,79,82,112,93
2634,42,74,67,18,53
2635,73,110,87,37,121
2636,65,30,80,25,35
2637,100,108,58,40,102
2638,17,92,81,115,55
2639,96,1,94,7,38
2640,21,123,84,4,119
2641,31,60,16,34,64
2642,62,46,95,9,68
2643,3,39,28,13,99
2644,113,76,106,71,32
2645,44,97,6,19,120
2646,12,124,69,61,50
2647,15,49,88,86,36
2648,91,78,10,33,66
2649,63,45,114,111,54
2650,43,109,47,22,69
2651,72,23,75,60,14
2652,52,59,112,37,115
2653,16,8,123,3,88
2654,95,39,5,30,1
2655,85,114,125,80,78
2656,108,86,75,122,35
2657,50,110,41,40,11
2658,33,74,107,27,92
2659,96,116,105,23,79
2660,119,109,71,118,58
2661,9,104,21,43,24
2662,84,7,61,87,62
2663,36,100,38,81,73
2664,12,2,18,121,103
2665,49,120,13,102,42
2666,6,91,34,25,82
2667,46,77,26,4,52
2668,70,31,20,45,44
2669,63,48,15,64,97
2670,19,51,113,67,72
2671,55,98,94,53,110
2672,57,106,68,101,61
2673,83,29,93,32,10
2674,99,90,65,119,112
2675,28,124,76,117,34
2676,22,17,89,7,101
2677,56,47,81,62,23
2678,90,109,12,37,114
2679,105,124,25,52,16
2680,104,60,30,10,54
2681,98,111,125,113,74
2682,95,122,63,91,99
2683,14,87,36,24,19
2684,13,107,76,2,85
2685,75,66,77,120,70
2686,73,80,69,97,82
2687,92,65,88,108,117
2688,53,68,58,11,59
2689,102,72,89,116,5
2690,6,28,86,106,51
2691,79,9,48,55,40
2692,71,45,41,67,123
2693,22,33,46,8,50
2694,32,35,38,49,56
2695,27,96,44,83,78
2696,4,20,42,39,17
2697,47,3,57,118,84
2698,21,29,94,115,85
2699,31,100,121,55,118
2700,18,15,1,89,75
2701,64,26,93,103,110
2702,43,114,117,51,122
2703,57,8,21,63,65
2704,116,36,70,26,94
2705,69,18,52,19,99
2706,87,109,97,38,91
2707,11,113,96,77,104
2708,103,105,28,30,90
2709,29,53,1,86,119
2710,101,64,81,42,24
2711,61,111,23,43,108
2712,62,5,22,88,83
2713,80,124,72,54,9
2714,40,106,47,95,15
2715,13,20,27,58,35
2716,66,37,46,6,27
2717,16,7,10,2,44
2718,73,92,34,14,84
2719,3,100,120,68,79
2720,45,25,17,60,107
2721,93,123,74,73,51
2722,4,71,78,112,121
2723,32,67,98,12,88
2724,33,39,125,82,72
2725,49,59,41,91,100
2726,56,48,102,50,118
2727,31,76,11,9,120
2728,115,54,64,125,3
2729,26,99,68,12,78
2730,87,23,95,92,103
2731,56,39,114,70,69
2732,17,79,53,19,108
2733,18,94,122,77,5
2734,65,67,82,48,85
2735,33,75,96,106,121
2736,111,109,117,123,40
2737,32,43,34,59,1
2738,16,98,102,47,6
2739,61,46,21,60,105
2740,86,89,74,115,44
2741,28,8,10,119,116
2742,30,93,37,76,49
2743,25,14,41,4,90
2744,2,31,80,71,75
2745,81,113,66,20,63
2746,62,50,55,13,45
2747,38,110,112,107,51
2748,52,29,24,58,84
2749,57,36,104,7,71
2750,101,97,124,49,21
2751,35,22,74,117,87
2752,42,15,23,59,98
2753,83,58,8,1,42
2754,86,38,47,114,99
2755,3,18,30,108,106
2756,64,25,44,102,88
2757,29,26,6,92,39
2758,37,36,79,80,41
2759,43,54,20,11,93
2760,72,68,121,32,105
2761,91,17,104,120,56
2762,50,111,16,9,67
2763,116,60,19,63,40
2764,34,115,83,7,118
2765,89,107,69,78,87
2766,55,35,77,103,33
2767,66,84,22,53,97
2768,94,124,45,82,14
2769,125,76,4,38,58
2770,101,70,122,96,12
2771,5,112,31,85,73
2772,61,48,10,13,113
2773,81,95,109,28,61
2774,62,2,15,35,114
2775,100,119,57,98,2
2776,52,123,104,33,85
2777,46,110,102,99,92
2778,90,5,23,71,44
2779,24,27,79,4,31
2780,65,16,56,76,41
2781,66,100,80,109,34
2782,124,65,122,111,1
2783,78,110,13,117,21
2784,108,95,10,105,74
2785,67,118,17,8,52
2786,46,7,51,12,30
2787,39,9,121,123,94
2788,48,106,45,42,87
2789,25,36,83,3,43
2790,101,63,50,26,125
2791,93,6,116,100,104
2792,120,89,73,64,46
2793,59,69,88,57,113
2794,18,40,28,84,27
2795,68,90,60,7,48
2796,14,107,70,37,49
2797,11,47,97,103,79
2798,20,82,75,19,29
2799,96,22,91,92,61
2800,115,62,77,14,12
2801,119,32,55,24,70
2802,112,72,15,43,120
2803,53,54,81,78,106
2804,86,16,77,101,117
2805,9,8,41,18,23
2806,27,11,112,17,109
2807,89,90,97,88,125
2808,10,6,94,15,24
2809,32,26,2,28,91
2810,81,13,118,4,105
2811,102,69,71,29,66
2812,110,49,33,80,58
2813,84,20,5,25,55
2814,21,64,40,56,10
2815,123,98,38,44,46
2816,22,3,72,1,103
2817,59,45,83,51,65
2818,107,52,93,111,53
2819,114,108,57,120,96
2820,39,124,31,62,67
2821,30,50,99,59,97
2822,82,35,60,47,8
2823,75,76,64,112,84
2824,68,37,86,24,20
2825,74,54,116,34,13
2826,95,121,85,79,38
2827,19,115,119,15,117
2828,63,42,44,104,119
2829,36,51,109,4,33
2830,73,113,83,35,123
2831,122,2,102,27,14
2832,19,16,49,62,125
2833,45,81,18,37,26
2834,50,106,23,52,34
2835,118,86,42,92,54
2836,29,25,95,96,118
2837,89,21,93,16,27
2838,100,22,75,124,70
2839,41,98,114,77,124
2840,58,105,107,94,44
2841,47,85,71,63,61
2842,91,103,53,88,14
2843,82,30,57,87,101
2844,32,108,36,48,5
2845,7,66,39,99,74
2846,31,1,12,93,48
2847,17,90,43,96,49
2848,121,69,3,116,9
2849,113,115,78,28,24
2850,73,60,11,106,117
2851,67,122,56,34,97
2852,76,80,108,26,15
2853,68,65,109,54,110
2854,72,55,6,78,8
2855,111,82,89,66,110
2856,40,43,125,52,12
2857,4,115,35,40,98
2858,100,62,37,33,29
2859,23,11,94,46,2
2860,87,21,32,39,100
2861,79,91,76,46,18
2862,105,41,1,104,20
2863,70,71,83,9,17
2864,60,84,99,36,6
2865,122,59,92,105,109
2866,7,81,116,31,117
2867,67,55,64,57,69
2868,47,25,74,58,50
2869,63,38,22,27,115
2870,5,19,123,80,3
2871,77,88,68,30,13
2872,102,103,112,65,10
2873,51,101,15,11,52
2874,73,61,66,4,54
2875,86,121,120,10,22
2876,90,45,19,38,8
2877,85,75,32,69,117
2878,114,95,107,67,36
2879,42,56,79,60,5
2880,119,72,114,20,49
2881,113,101,95,3,31
2882,53,28,43,16,87
2883,111,75,48,103,99
2884,14,118,40,26,114
2885,77,121,82,23,53
2886,29,64,2,17,111
2887,102,12,39,104,55
2888,44,113,110,116,50
2889,57,78,35,116,41
2890,30,92,24,47,89
2891,68,56,71,28,94
2892,120,93,124,119,60
2893,98,21,81,11,33
2894,88,72,34,94,48
2895,65,6,77,43,27
2896,70,84,80,38,104
2897,63,74,106,14,79
2898,18,107,62,73,102
2899,1,25,37,51,10
2900,112,83,61,41,49
2901,42,122,123,47,7
2902,9,13,96,125,119
2903,91,86,58,30,55
2904,90,59,20,64,85
2905,76,45,1,21,77
2906,108,97,93,41,24
2907,96,40,73,71,15
2908,125,107,22,42,110
2909,97,65,36,12,113
2910,35,61,45,52,119
2911,69,103,123,68,108
2912,112,111,56,87,33
2913,9,91,51,90,115
2914,118,72,66,28,59
2915,121,101,74,124,29
2916,95,44,75,73,8
2917,34,62,89,11,6
2918,5,86,57,4,102
2919,7,19,50,70,109
2920,99,23,54,76,33
2921,100,13,92,16,32
2922,105,39,18,49,113
2923,83,2,53,37,120
2924,80,81,88,106,84
2925,98,26,31,84,17
2926,122,25,39,19,71
2927,82,3,78,46,70
2928,67,54,22,85,120
2929,63,94,89,3,52
2930,58,10,12,5,81
2931,57,17,74,46,48
2932,66,65,47,44,101
2933,98,109,76,60,86
2934,72,37,38,13,23
2935,80,90,61,55,29
2936,116,15,92,45,27
2937,62,51,53,118,85
2938,91,123,106,1,99
2939,97,83,75,110,39
2940,100,103,78,63,42
2941,79,117,25,114,44
2942,35,64,96,24,95
2943,115,67,68,18,111
2944,30,31,43,66,107
2945,124,4,104,106,95
2946,40,93,7,69,42
2947,59,125,21,55,14
2948,8,108,2,115,56
2949,121,34,58,41,61
2950,20,36,9,61,33
2951,16,103,116,107,88
2952,28,50,14,15,120
2953,32,122,52,90,46
2954,87,26,51,60,27
2955,82,105,76,115,110
2956,112,6,40,53,122
2957,32,96,19,54,102
2958,68,91,80,13,22
2959,109,62,99,25,67
2960,92,82,2,123,56
2961,111,71,10,21,69
2962,117,125,23,83,20
2963,49,11,29,4,18
2964,124,37,8,64,77
2965,48,86,80,59,119
2966,94,81,87,8,114
2967,97,78,17,50,105
2968,65,100,69,26,35
2969,24,7,13,11,114
2970,70,47,108,98,112
2971,6,75,38,9,118
2972,12,45,84,79,89
2973,5,34,63,93,2
2974,43,101,85,40,3
2975,57,72,107,62,26
2976,58,104,28,36,22
2977,1,16,35,66,112
2978,121,98,50,3,21
2979,74,88,96,76,60
2980,31,89,119,36,47
2981,113,7,29,91,16
2982,30,45,6,85,4
2983,73,78,88,23,122
2984,117,67,84,44,30
2985,18,86,100,71,97
2986,82,52,15,54,105
2987,42,116,109,24,124
2988,94,73,103,101,32
2989,75,113,90,123,102
2990,104,34,125,17,37
2991,33,63,59,108,25
2992,56,9,110,57,79
2993,14,31,46,53,5
2994,10,38,68,43,55
2995,65,39,49,118,111
2996,92,120,70,41,99
2997,83,87,64,12,58
2998,81,121,27,20,1
2999,93,19,106,72,77
3000,48,28,74,95,51
