work_id,original_score,zscore,robust_zscore,percentile,rank_original,rank_zscore,rank_robust,rank_percentile
0,,,,,,,,
1,102.03333333333335,0.05590538421080749,0.08047830014783071,50.758003766478346,803.0,594.0,546.0,602.0
2,98.36,-0.17697115272054909,-0.1347339055216439,46.65489642184557,827.0,647.0,615.0,676.0
3,79.3,0.12141278652010182,0.10350528432940323,57.520934221146085,876.0,580.0,541.0,524.0
4,79.13499999999999,0.5275273670233754,0.4052123383617765,68.78026634382566,877.0,6.0,8.0,1.0
5,96.66666666666667,0.0018911659872298814,0.036172214129574574,54.091337099811675,841.0,606.0,568.0,567.0
6,76.3825,-0.10978828504012855,-0.056107853474741565,47.56658595641647,885.0,633.0,592.0,672.0
7,80.8,0.9010096737388714,0.7906681666640549,60.81113801452785,873.0,2.0,2.0,392.0
8,95.76999999999998,-0.0046224190266651215,0.03150848297932881,53.246233521657246,847.0,607.0,569.0,578.0
9,76.46000000000001,0.024280209336573766,0.0289509893167523,50.42776432606941,884.0,598.0,571.0,609.0
10,99.20666666666666,0.025850548411366803,0.05832903832797124,53.679378531073446,817.0,597.0,555.0,572.0
11,92.78000000000002,-0.46526093996723766,-0.398929862947639,37.38229755178907,858.0,719.0,703.0,725.0
12,96.31,0.06436140489560016,0.09639458704636213,54.84463276836158,845.0,592.0,543.0,562.0
13,91.70333333333332,-0.5902164666034455,-0.5151655443875238,32.71892655367232,862.0,754.0,746.0,760.0
14,91.17999999999999,-0.6933612189140556,-0.6116219054258965,29.04661016949153,863.0,786.0,774.0,786.0
15,91.87,-0.5479811885099358,-0.47523110846596234,33.104990583804145,860.0,738.0,725.0,756.0
16,93.11333333333334,-0.3929846997455823,-0.33039229934346176,39.31732580037664,856.0,691.0,668.0,703.0
17,95.01333333333332,-0.13704345540143595,-0.09115838066645476,47.33521657250471,850.0,640.0,603.0,673.0
18,90.29,-0.9204488234478622,-0.8239875798064236,24.583333333333332,865.0,835.0,832.0,816.0
19,91.75333333333333,-0.7026078871145683,-0.6201724047548361,28.24623352165725,861.0,788.0,779.0,794.0
20,78.22999999999999,0.42056433289069767,0.32883198226216065,60.47190274414851,878.0,262.0,10.0,422.0
21,96.07666666666665,-0.13936619788986396,-0.09372786651582894,47.57768361581921,846.0,641.0,604.0,671.0
22,92.98,-0.6774663548184136,-0.5972023959180818,28.70291902071563,857.0,778.0,769.0,789.0
23,77.7725,0.20532802134850978,0.13312972919252308,56.29212066182406,880.0,562.0,532.0,540.0
24,94.01666666666665,-0.5904995507315025,-0.5160811618367079,31.266478342749526,853.0,755.0,747.0,770.0
25,92.43666666666665,-0.8585972232279214,-0.7668059053240608,24.272598870056495,859.0,820.0,814.0,819.0
26,94.04333333333334,-0.5443086420458552,-0.4722638769888106,33.39453860640301,852.0,736.0,722.0,753.0
27,93.20666666666666,-0.7005905820011488,-0.6184455751213823,27.222222222222225,855.0,787.0,778.0,803.0
28,77.4925,-0.04323535526516592,-0.041347897598133176,49.42115617433414,881.0,615.0,589.0,667.0
29,95.16333333333334,-0.44771322981429046,-0.38200192713315145,36.6313559322034,849.0,710.0,691.0,733.0
30,77.4125,-0.12936165443122957,-0.11241861127162209,44.201220742534304,882.0,639.0,611.0,681.0
31,98.16333333333331,-0.023635462180675654,0.014612122084648719,50.054143126177024,829.0,609.0,573.0,664.0
32,94.29666666666667,-0.6884532809719272,-0.6074184587866959,28.097928436911488,851.0,784.0,772.0,796.0
33,77.37,-0.28918808068144974,-0.23517236572276606,41.25958434221146,883.0,669.0,642.0,693.0
34,83.0175,1.0130689036506855,0.8488158700046402,65.74329096045199,868.5,1.0,1.0,2.0
35,98.45333333333333,-0.116714915103875,-0.07278230480467081,46.92561205273069,825.0,637.0,598.0,674.0
36,96.71666666666665,-0.3711695732652822,-0.3104769591863899,38.68408662900188,840.0,686.0,661.0,711.0
37,96.77666666666666,-0.3896042706105247,-0.3277553573906201,38.01553672316384,839.0,690.0,666.0,719.0
38,96.84666666666668,-0.4077533741072999,-0.3447757254649819,36.99387947269303,836.0,697.0,676.0,730.0
39,97.21666666666665,-0.39656602936547714,-0.33448420492154324,37.410546139359695,834.0,692.0,670.0,724.0
40,77.93749999999999,-0.1850684997242438,-0.17210539482362397,45.4615617433414,879.0,649.0,621.0,680.0
41,97.92,-0.31381639058036526,-0.2569671280061259,40.1789077212806,831.0,671.0,646.0,699.0
42,98.58,-0.24927447223242927,-0.1967195328110151,42.073917137476464,823.0,660.0,626.0,688.0
43,96.34999999999998,-0.6247547914685673,-0.547913424720043,29.81403013182674,844.0,766.0,753.0,783.0
44,97.22666666666667,-0.4983473951090343,-0.42960828149963476,34.34792843691148,833.0,724.0,710.0,740.0
45,98.82000000000001,-0.284305797412419,-0.22951758157400223,41.04048964218455,821.0,667.0,639.0,694.0
46,96.81,-0.6146171012366949,-0.5383912647639358,30.852165725047083,837.0,763.0,752.0,773.0
47,96.57333333333334,-0.6797899944835329,-0.5992236969446201,28.06261770244821,842.0,782.0,771.0,797.0
48,98.87333333333332,-0.25635439469971744,-0.20291758538053095,42.570621468926554,820.0,662.0,628.0,686.0
49,80.0025,0.10213417954789912,0.04503445441548268,49.63629943502825,875.0,585.0,563.0,666.0
50,98.57000000000001,-0.4518415293344947,-0.38631576032165404,35.765065913371,824.0,713.0,693.0,737.0
51,97.90999999999998,-0.5177940178089556,-0.44757296762166493,33.709981167608284,832.0,729.0,716.0,747.0
52,80.0575,0.05197243370635559,0.003641344928218798,48.21554681194512,874.0,595.0,577.0,668.0
53,96.37666666666668,-0.8537565036844669,-0.7621409857441362,22.23399246704332,843.0,817.0,812.0,830.0
54,101.03000000000002,-0.10690229799836144,-0.0633579043868846,46.80555555555555,808.0,630.0,595.0,675.0
55,97.96666666666668,-0.6356546451574063,-0.5580606586814952,30.127118644067796,830.0,770.0,759.0,781.0
56,97.17333333333333,-0.8066069007107108,-0.7181147677402965,23.839453860640305,835.0,806.0,799.0,822.0
57,98.42666666666668,-0.633207500136884,-0.5559453673476846,30.153013182674197,826.0,769.0,757.0,780.0
58,81.015,0.010335266021090861,-0.014743621880770233,48.035966505246165,872.0,603.0,583.0,669.0
59,96.80666666666666,-0.9747383333266041,-0.8756644741074329,18.891242937853107,838.0,848.0,843.0,853.0
60,100.05000000000001,-0.5525488314588148,-0.4810997703344924,32.780131826742,816.0,739.0,730.0,759.0
61,98.93666666666665,-0.6786451093692517,-0.5988491637444612,28.67702448210922,819.0,780.0,770.0,790.0
62,102.77666666666666,-0.12231543650224563,-0.07854162070649033,46.34180790960452,800.0,638.0,600.0,678.0
63,100.38000000000001,-0.553635919923781,-0.48201086888092465,32.681261770244824,812.0,741.0,731.0,762.0
64,100.98666666666668,-0.4025969810714629,-0.34051465194458164,37.605932203389834,809.0,696.0,673.0,721.0
65,102.51,-0.24958875149574292,-0.19770028777345575,42.605932203389834,801.0,661.0,627.0,685.0
66,82.96,0.2775356972864601,0.17784382417538863,56.94108151735271,870.0,539.0,504.0,535.0
67,98.19333333333333,-1.010154338061718,-0.9092981615678052,17.97316384180791,828.0,853.0,850.0,857.0
68,100.14999999999999,-0.6469840214377102,-0.5690815328251689,30.576741996233523,814.0,772.0,763.0,776.0
69,98.59333333333335,-0.9387190275036875,-0.8421064221732352,19.983521657250474,822.0,837.0,835.0,846.0
70,103.33999999999999,-0.1450106988391874,-0.09927466657889432,45.48964218455743,796.0,642.0,608.0,679.0
71,82.26499999999999,0.11052814229303026,0.02866969302778616,53.83600686037127,871.0,582.0,572.0,570.0
72,100.17,-0.7172843877985766,-0.634710902033704,28.18032015065914,813.0,793.0,783.0,795.0
73,100.06333333333333,-0.7846675630109772,-0.6979301954273938,25.263653483992467,815.0,801.0,794.0,812.0
74,101.53666666666668,-0.5930541810648335,-0.5188412260609269,31.89265536723164,805.0,757.0,748.0,768.0
75,103.03333333333332,-0.4016581850801191,-0.33998299425193296,38.104990583804145,799.0,694.0,672.0,718.0
76,101.24999999999999,-0.708262481985976,-0.6267682412184347,28.44632768361582,807.0,789.0,781.0,792.0
77,100.41333333333334,-0.8906156843729605,-0.7975177712357459,21.388888888888886,811.0,828.0,823.0,837.0
78,103.91666666666667,-0.37191829659635633,-0.31245869198380677,39.166666666666664,795.0,687.0,663.0,706.0
79,104.24666666666666,-0.3380114938363484,-0.2807134797263524,40.58145009416196,793.0,680.0,656.0,695.0
80,100.79,-0.9018590324471782,-0.8080512313626196,21.47834274952919,810.0,833.0,828.0,836.0
81,101.59666666666668,-0.7964518825957785,-0.709457668052034,25.355461393596986,804.0,802.0,795.0,810.0
82,104.82,-0.32066010108649984,-0.2645193429261526,41.290018832391716,790.0,674.0,648.0,692.0
83,83.0175,-0.32874294047264924,-0.286643179586073,38.85744552058111,868.5,679.0,659.0,708.0
84,104.72333333333334,-0.41630177316109335,-0.35421885984816187,38.298022598870055,791.0,700.0,678.0,713.0
85,104.08333333333336,-0.5541523457826407,-0.4832502514494059,33.67702448210923,794.0,742.0,732.0,749.0
86,106.19666666666667,-0.26118642639629636,-0.20936341488438082,43.12146892655367,782.0,663.0,631.0,683.0
87,105.32999999999998,-0.42318589174018945,-0.3608996466393064,38.36158192090395,785.0,703.0,682.0,712.0
88,101.32333333333332,-1.0783035644882528,-0.9736341274910675,16.57015065913371,806.0,865.0,862.0,864.0
89,106.55333333333334,-0.2787454776184997,-0.2258261863642392,42.64359698681733,780.0,665.0,636.0,684.0
90,106.77999999999999,-0.28490821882252276,-0.23172521558974546,42.29048964218456,778.0,668.0,641.0,687.0
91,83.8325,-0.3708686919908156,-0.34218079998930234,39.53036723163842,867.0,685.0,675.0,701.0
92,104.94000000000001,-0.6446530333845597,-0.5683638913233489,30.435499058380415,787.0,771.0,761.0,777.0
93,104.25333333333333,-0.7988604946324731,-0.7127571571591403,25.675612052730695,792.0,803.0,797.0,808.0
94,102.50999999999999,-1.0932752710462854,-0.988100185349922,16.29472693032015,802.0,868.0,867.0,867.0
95,106.07333333333334,-0.5697711195513863,-0.4985780978070226,33.1002824858757,783.0,747.0,737.0,757.0
96,103.13333333333334,-1.0848377690890099,-0.9805211901041743,16.497175141242938,798.0,866.0,865.0,865.0
97,104.93666666666667,-0.843588181986079,-0.7550244687993093,23.542843691148775,788.0,814.0,810.0,826.0
98,105.76,-0.7562642461521656,-0.6734898203427685,27.570621468926557,784.0,798.0,791.0,801.0
99,107.35000000000002,-0.5458529328364549,-0.4768163619024237,33.820621468926554,777.0,737.0,727.0,745.0
100,104.83666666666669,-0.9541706827990871,-0.8586397275850527,19.81873822975518,789.0,840.0,838.0,847.0
101,106.66666666666667,-0.7103919688845345,-0.6307893102128718,29.08662900188324,779.0,791.0,782.0,785.0
102,110.21000000000002,-0.23942304340536102,-0.19059094489113862,43.3921845574388,761.0,659.0,623.0,682.0
103,86.94250000000001,0.010600723828706388,-0.05665097434745359,49.94451170298628,866.0,602.0,593.0,665.0
104,109.12,-0.4568500956009256,-0.39411068580419384,36.890301318267426,771.0,715.0,700.0,731.0
105,108.50666666666666,-0.5926134272147782,-0.521204785268372,32.370527306967986,772.0,756.0,749.0,765.0
106,108.48,-0.6232447589331339,-0.5498803310636265,31.259416195856875,773.0,765.0,754.0,771.0
107,109.56666666666665,-0.47935086085367873,-0.41533005292948194,36.12052730696798,770.0,722.0,708.0,735.0
108,107.44333333333333,-0.8716697068828744,-0.7825098003144859,22.610640301318266,776.0,822.0,819.0,829.0
109,109.82666666666665,-0.5360837750776725,-0.46876023975327197,34.13841807909605,767.0,733.0,720.0,744.0
110,108.23333333333335,-0.8368199030587165,-0.7502265103220198,24.063088512241052,774.0,812.0,807.0,820.0
111,110.06,-0.5838567852111868,-0.5137176204578825,32.674199623352166,763.0,752.0,743.0,763.0
112,108.12666666666667,-0.9398173418446095,-0.8468465202578953,20.65442561205273,775.0,838.0,836.0,841.0
113,109.75,-0.724477076798664,-0.6455653260124069,28.25564971751412,768.0,796.0,787.0,793.0
114,109.89666666666669,-0.7510418867514339,-0.6706011574171048,27.838983050847457,765.0,797.0,790.0,799.0
115,109.86,-0.799634244475336,-0.7161908905522208,25.894538606403014,766.0,804.0,798.0,807.0
116,112.47666666666665,-0.42689433573492747,-0.36768875577350135,37.70009416195857,757.0,705.0,685.0,720.0
117,110.14333333333332,-0.8548170014450513,-0.7681861992124848,23.25564971751412,762.0,818.0,815.0,828.0
118,110.01333333333332,-0.8954696424604046,-0.8061905192337121,21.854990583804142,764.0,830.0,827.0,835.0
119,110.76999999999998,-0.8197711533026689,-0.7355369581084581,25.188323917137478,759.0,808.0,803.0,814.0
120,114.17666666666666,-0.3073695924926682,-0.2563034015539148,41.71610169491525,749.0,670.0,645.0,689.0
121,90.3575,-0.06266497958613568,-0.11535118405661289,47.86748385794996,864.0,623.0,612.0,670.0
122,112.95,-0.5824313421517887,-0.5138228319242691,32.89077212806026,756.0,751.0,744.0,758.0
123,113.97333333333334,-0.4509514644068758,-0.39090043893862153,37.19632768361582,750.0,712.0,697.0,728.0
124,110.42333333333333,-1.0590018111725388,-0.959788441230479,16.46421845574388,760.0,861.0,861.0,866.0
125,111.26,-0.9735065125603031,-0.8799917722520291,19.380885122410547,758.0,847.0,846.0,850.0
126,113.93666666666667,-0.5751912073170324,-0.5074556444606073,33.232109227871945,751.0,750.0,738.0,755.0
127,113.78333333333335,-0.6523029840968944,-0.5797907531350971,30.353107344632765,752.0,776.0,765.0,779.0
128,115.5,-0.421924373955296,-0.3644419676305068,38.23210922787194,743.0,702.0,683.0,715.0
129,115.30000000000001,-0.5012526936358609,-0.4388140247715497,35.454331450094166,744.0,727.0,713.0,738.0
130,114.29000000000002,-0.7155112234358297,-0.6394367167851559,28.648775894538602,747.0,792.0,785.0,791.0
131,113.52,-0.8888902939701985,-0.8018035830526792,21.944444444444446,754.0,827.0,824.0,834.0
132,113.08999999999999,-1.010580022283604,-0.915839051530936,17.954331450094163,755.0,854.0,853.0,858.0
133,117.31,-0.3644787108164909,-0.3115180618512888,40.27777777777778,738.0,683.0,662.0,697.0
134,113.59000000000002,-1.0100837024966995,-0.9156064671893995,18.055555555555554,753.0,852.0,852.0,856.0
135,116.63666666666666,-0.5548034154477937,-0.4898008119166075,33.75,739.0,743.0,734.0,746.0
136,114.63666666666667,-0.9131098168749275,-0.825066316512661,21.351224105461394,746.0,834.0,833.0,839.0
137,95.20999999999998,0.31854256704568923,0.19383588711493463,58.45389426957223,848.0,493.0,492.0,506.0
138,93.94749999999999,-0.04402629086947314,-0.09805949542991008,46.565526634382564,854.0,616.0,606.0,677.0
139,114.19666666666666,-1.1111744100269827,-1.0107416914379062,15.619114877589455,748.0,870.0,870.0,870.0
140,119.05666666666667,-0.37211639139428093,-0.3195345092344471,40.20244821092279,732.0,688.0,664.0,698.0
141,116.07000000000001,-0.8955859850875852,-0.8093442050216497,22.109227871939737,741.0,831.0,829.0,832.0
142,115.76666666666667,-0.9897963579083443,-0.8976254796214137,18.7758945386064,742.0,849.0,848.0,855.0
143,114.89666666666666,-1.1731015397902207,-1.06923511007162,14.293785310734464,745.0,875.0,874.0,876.0
144,117.52666666666669,-0.8008646108597094,-0.721221742980242,26.238229755178907,736.0,805.0,800.0,805.0
145,119.04333333333331,-0.6013853685113014,-0.534768584097264,32.48822975517891,733.0,759.0,751.0,764.0
146,120.23666666666666,-0.4495843922049942,-0.3928855413451058,37.45056497175141,726.0,711.0,698.0,723.0
147,119.84333333333335,-0.5308991065245184,-0.46891494955494356,34.244350282485875,727.0,732.0,721.0,742.0
148,117.48333333333333,-0.9556063835952134,-0.866352837967995,20.216572504708097,737.0,841.0,840.0,842.0
149,118.04,-0.9015276603482022,-0.8158504209291072,21.984463276836156,735.0,832.0,831.0,833.0
150,121.09000000000002,-0.4580830920558349,-0.40120166172977073,37.26224105461393,723.0,717.0,704.0,726.0
151,116.33,-1.2429775233505695,-1.135393375276174,13.121468926553673,740.0,880.0,880.0,882.0
152,118.12666666666665,-0.9944062734798589,-0.9029898072436412,19.194915254237287,734.0,850.0,849.0,851.0
153,119.27,-0.8484521244551595,-0.7665609544433245,24.85169491525424,730.0,815.0,813.0,815.0
154,119.41666666666667,-0.8683886473490249,-0.7853507268942751,23.804143126177024,729.0,821.0,820.0,823.0
155,119.06666666666668,-0.9634899056587062,-0.8744197381698428,20.016478342749526,731.0,844.0,842.0,845.0
156,123.26333333333334,-0.32689269591655695,-0.27902889739821873,41.50659133709981,715.0,677.0,654.0,690.0
157,120.44333333333334,-0.8763559118656955,-0.7933583643303819,23.34981167608286,725.0,823.0,821.0,827.0
158,122.19333333333333,-0.5410972455916242,-0.4795341544700377,34.2467043314501,718.0,735.0,729.0,741.0
159,122.02666666666669,-0.6639255654293286,-0.5947749063253673,30.63559322033898,719.0,777.0,768.0,775.0
160,120.80333333333334,-0.8780903627416309,-0.7950725860860071,23.653483992467045,724.0,824.0,822.0,824.0
161,119.81666666666666,-1.071797645718462,-0.9763550309353448,16.847928436911488,728.0,863.0,864.0,862.0
162,123.28333333333335,-0.5581244076215821,-0.49598969753183914,33.653483992467045,714.0,744.0,736.0,750.0
163,124.90333333333332,-0.3397861398976371,-0.29187968581789153,41.29237288135593,709.0,681.0,660.0,691.0
164,122.19666666666666,-0.8110705254411498,-0.7328241449437907,26.532485875706215,717.0,807.0,802.0,804.0
165,124.98333333333335,-0.4131487742961504,-0.36078091716581245,39.17137476459511,707.0,698.0,681.0,705.0
166,123.34000000000002,-0.7188479579509486,-0.6468685698259021,28.89359698681733,713.0,795.0,788.0,788.0
167,121.67,-1.0341464412802,-0.9419723814373048,17.744821092278716,721.0,857.0,856.0,859.0
168,124.52999999999999,-0.6199899895207747,-0.5547120069389625,32.18926553672316,710.0,764.0,756.0,766.0
169,121.81666666666666,-1.1020700302575126,-1.005822180477436,15.661487758945386,720.0,869.0,869.0,869.0
170,121.60000000000001,-1.1765717100384003,-1.0756274406719288,14.096045197740112,722.0,876.0,876.0,877.0
171,125.58333333333333,-0.5739059747109604,-0.5119746902765744,33.36393596986817,704.0,749.0,740.0,754.0
172,103.28499999999998,0.4950767801084975,0.3601473590621187,57.327986279257466,797.0,10.0,9.0,530.0
173,125.05666666666666,-0.7098454744616549,-0.6393309521967233,29.02071563088512,706.0,790.0,784.0,787.0
174,99.13250000000001,-0.5230375757010004,-0.46875778400119744,35.30569007263922,818.0,730.0,719.0,739.0
175,123.88333333333334,-1.0366737526595189,-0.945531095626624,17.669491525423727,712.0,858.0,857.0,860.0
176,123.00666666666666,-1.2232625310678626,-1.1202275736751584,13.187382297551787,716.0,878.0,878.0,881.0
177,126.67666666666668,-0.6790366130322302,-0.6112970075370007,30.371939736346516,702.0,781.0,773.0,778.0
178,124.29333333333334,-1.091153701631541,-0.9968448483455843,16.129943502824858,711.0,867.0,868.0,868.0
179,125.39333333333336,-0.96411255810728,-0.8781902833180243,20.018832391713747,705.0,845.0,845.0,844.0
180,125.72333333333334,-0.9589283326025247,-0.8735113265268083,20.157721280602637,703.0,843.0,841.0,843.0
181,128.98666666666665,-0.4713889164051281,-0.4175471865554565,37.24105461393597,696.0,720.0,709.0,727.0
182,124.90666666666668,-1.1723476386307237,-1.0733978774543196,14.324387947269301,708.0,874.0,875.0,875.0
183,128.07,-0.6898735899376386,-0.6220960584329032,29.981167608286253,700.0,785.0,780.0,782.0
184,130.03666666666666,-0.41656238346626395,-0.36656780133136174,39.387947269303204,692.0,701.0,684.0,702.0
185,129.39333333333335,-0.568206613959036,-0.5085937248136394,33.69350282485876,693.0,745.0,739.0,748.0
186,130.39000000000001,-0.44500037847679547,-0.3934382789885551,38.27683615819209,690.0,708.0,699.0,714.0
187,130.6,-0.4564998532714612,-0.4043478016632571,37.58239171374765,688.0,714.0,705.0,722.0
188,105.24,0.26476530811941384,0.16882050406887483,52.56179378531073,786.0,542.0,513.0,582.0
189,127.68666666666668,-1.0249783865515958,-0.9364924952267707,18.832391713747647,701.0,855.0,854.0,854.0
190,129.24666666666667,-0.8251453424676817,-0.7497540136415283,26.05461393596987,694.0,811.0,806.0,806.0
191,130.63,-0.6511264224912635,-0.5871450490723727,31.193502824858758,687.0,774.0,766.0,772.0
192,128.29,-1.0739368544532422,-0.9828176654349373,16.572504708097927,698.0,864.0,866.0,863.0
193,128.32666666666665,-1.1115971412098422,-1.0181870990126871,15.562617702448213,697.0,871.0,871.0,871.0
194,131.91333333333333,-0.570634943519294,-0.5122395918172679,33.441619585687384,684.0,748.0,741.0,752.0
195,130.22666666666666,-0.8934795894588231,-0.814435916529115,23.580508474576273,691.0,829.0,830.0,825.0
196,130.54999999999998,-0.8840669018137763,-0.8057649405219798,23.85828625235405,689.0,826.0,826.0,821.0
197,128.08333333333331,-1.2729345625225539,-1.1693116044583123,12.394067796610168,699.0,882.0,882.0,883.0
198,106.285,0.1802271925135775,0.06925716262511009,55.33873083131557,781.0,567.0,549.0,551.0
199,129.01666666666668,-1.20615244122296,-1.107096434998657,13.328625235404894,695.0,877.0,877.0,880.0
200,132.82333333333335,-0.6297427158069433,-0.5679896055496396,32.0786252354049,679.0,767.0,760.0,767.0
201,132.33333333333331,-0.7593324084661329,-0.6894029098306059,27.77306967984934,681.0,799.0,793.0,800.0
202,134.22,-0.49979498368460046,-0.4467653959545084,36.661958568738235,676.0,725.0,715.0,732.0
203,133.74,-0.6131911935539515,-0.5529301286166124,32.69774011299435,677.0,762.0,755.0,761.0
204,131.36666666666667,-1.0259064599126484,-0.9390527471558269,18.910075329566855,686.0,856.0,855.0,852.0
205,135.17000000000002,-0.4588715343285872,-0.40877641028534534,38.21563088512241,672.0,718.0,706.0,716.0
206,132.12666666666667,-0.9945647524574551,-0.9100419711344658,19.465630885122412,683.0,851.0,851.0,849.0
207,135.74,-0.4457707983081621,-0.3967439207087331,38.83474576271187,670.0,709.0,702.0,710.0
208,131.67999999999998,-1.1474839902486031,-1.0533277631386084,14.52919020715631,685.0,872.0,872.0,872.0
209,132.49,-1.0631921610362083,-0.9746355784367244,17.1680790960452,680.0,862.0,863.0,861.0
210,132.23666666666668,-1.1489043917517974,-1.0549642395031482,14.390301318267419,682.0,873.0,873.0,874.0
211,136.01333333333335,-0.5883755652147006,-0.5307892340722307,33.55696798493409,667.0,753.0,750.0,751.0
212,134.96333333333334,-0.8513216506880609,-0.7770876692642426,25.539077212806024,674.0,816.0,817.0,809.0
213,136.38666666666668,-0.5691390780527034,-0.5129164327410055,34.21374764595104,666.0,746.0,742.0,743.0
214,137.36,-0.5012145813592391,-0.44966914276187603,37.02919020715631,661.0,726.0,717.0,729.0
215,138.02333333333334,-0.4321586070225445,-0.3851714982209778,39.03719397363465,657.0,706.0,692.0,707.0
216,136.00666666666666,-0.8557197248297969,-0.7817504289721531,25.324858757062145,669.0,819.0,818.0,811.0
217,133.01000000000002,-1.2848264376164542,-1.1829473135016118,12.1939736346516,678.0,883.0,883.0,885.0
218,139.19,-0.38946614898900117,-0.3457558990404926,40.00941619585688,650.0,689.0,677.0,700.0
219,136.41,-0.8783108925587202,-0.8031667166775049,24.555084745762713,665.0,825.0,825.0,817.0
220,137.94,-0.6802184016280631,-0.618035133342368,30.805084745762713,658.0,783.0,777.0,774.0
221,139.57333333333332,-0.4570804840668916,-0.40941704215276414,38.12853107344633,649.0,716.0,707.0,717.0
222,136.67999999999998,-0.9429755566642674,-0.8639225462381237,22.1563088512241,663.0,839.0,839.0,831.0
223,140.01000000000002,-0.40138965661370424,-0.35710254163150207,40.31308851224105,647.0,693.0,680.0,696.0
224,136.73,-0.9703550773919253,-0.8894590513691695,21.386534839924668,662.0,846.0,847.0,838.0
225,138.10333333333335,-0.7798300907147503,-0.7112847675803894,28.053201506591336,656.0,800.0,796.0,798.0
226,139.85333333333332,-0.5409874424115011,-0.4879970148286567,35.969868173258,648.0,734.0,733.0,736.0
227,139.04999999999998,-0.6786419707148239,-0.6166624553183402,31.487758945386066,651.0,779.0,776.0,769.0
228,136.61666666666667,-1.0400445036930912,-0.954364783006788,19.531544256120526,664.0,859.0,859.0,848.0
229,134.77666666666667,-1.3168932736614505,-1.2130475216614747,12.309322033898304,675.0,885.0,885.0,884.0
230,135.58333333333331,-1.2309290991828374,-1.1327757312818816,13.799435028248588,671.0,879.0,879.0,878.0
231,109.5875,-0.4023143149722774,-0.3872327490677892,39.26326674737692,769.0,695.0,694.0,704.0
232,138.33666666666667,-0.9356779751506759,-0.8571259082084081,24.531544256120526,655.0,836.0,837.0,818.0
233,138.70666666666668,-0.8232138685948344,-0.7517174873236098,27.511770244821093,652.0,809.0,809.0,802.0
234,140.65333333333334,-0.49682718100064066,-0.4459924131135276,38.8512241054614,646.0,723.0,714.0,709.0
235,137.49666666666667,-1.0428273022749739,-0.9568447783184896,20.720338983050848,660.0,860.0,860.0,840.0
236,136.01333333333332,-1.2440907926667957,-1.144696660664222,14.496233521657253,668.0,881.0,881.0,873.0
237,138.55,-0.8237025388703817,-0.7512051228062218,29.143126177024484,654.0,810.0,808.0,784.0
238,137.86333333333334,-0.9589089105494354,-0.8776930196412708,25.216572504708097,659.0,842.0,844.0,813.0
239,135.03666666666666,-1.3059154249396678,-1.2013931044833954,13.387476459510358,673.0,884.0,884.0,879.0
240,138.65,-0.6501851062400493,-0.5873253029372058,36.607815442561204,653.0,773.0,767.0,734.0
241,348.135,0.41772159377507145,0.2973172603661375,62.88135593220339,446.0,268.0,194.0,204.5
242,502.675,-0.04981324763769934,-0.2197867954620819,50.3954802259887,50.0,618.0,635.0,611.5
243,453.65999999999997,0.436228890137721,0.25593144589379196,59.83050847457627,203.0,225.0,389.0,453.0
244,399.79,0.47546482460630324,0.32198832669731003,61.80790960451977,331.0,85.0,51.0,324.5
245,423.695,0.49257207723661556,0.32453184994581097,61.41242937853107,277.0,12.0,22.0,368.5
246,481.795,0.33994804436427173,0.1514870373758594,57.740112994350284,130.0,461.0,525.0,521.5
247,506.15999999999997,-0.17215207215727268,-0.33462246260368333,50.056497175141246,23.0,646.0,671.0,641.5
248,318.98,0.37393772664953684,0.27306301193706073,63.1638418079096,510.0,360.0,308.0,148.0
249,334.005,0.3962839693362019,0.2853614751631749,62.93785310734464,477.0,315.0,235.0,179.5
250,441.005,0.45691635834783445,0.282035104846452,60.621468926553675,234.0,138.0,261.0,415.0
251,504.2,-0.10486831050662682,-0.2714412750574797,50.16949152542373,37.0,628.0,650.0,621.5
252,450.87,0.4428303155804558,0.2635696047607631,60.11299435028249,210.0,196.0,360.0,434.0
253,389.03,0.4639902179358244,0.3173601301597567,62.14689265536723,355.0,109.0,90.0,292.0
254,498.175,0.10516787923755999,-0.07426364000191887,52.14689265536723,73.0,584.0,599.0,588.0
255,392.185,0.46781296796216015,0.3191400710329908,62.03389830508475,348.0,99.0,78.0,305.0
256,347.66999999999996,0.41676749541635527,0.2966943686272916,62.88135593220339,447.0,270.0,200.0,204.5
257,473.635,0.3657497915102971,0.17982014670401342,58.644067796610166,151.0,392.0,502.0,498.0
258,311.84000000000003,0.36723996836411044,0.2708376480115877,63.27683615819209,526.0,384.0,323.0,117.0
259,404.6,0.4772492941739155,0.32097021686361993,61.69491525423729,319.0,77.0,61.0,335.0
260,383.995,0.455779886777689,0.3125725620714025,62.20338983050847,366.0,144.0,119.0,279.5
261,495.675,0.14470355747591968,-0.03639158876866677,52.824858757062145,83.0,576.0,587.0,579.0
262,463.615,0.40006116081648896,0.2170371983768295,59.37853107344633,177.0,307.0,478.0,472.5
263,486.235,0.3065135103485177,0.11817079413693932,56.836158192090394,117.0,507.0,538.0,536.5
264,453.21,0.43570318255170637,0.25569559934974906,59.88700564971751,204.0,226.0,390.0,444.0
265,444.155,0.46059631144993657,0.2836860306547519,60.50847457627118,227.0,123.0,249.0,420.5
266,474.81,0.36232902192015626,0.17601215906344075,58.474576271186436,148.0,405.0,508.0,503.5
267,405.955,0.47896921385619307,0.3218067715606827,61.751412429378526,316.0,67.0,54.0,327.5
268,483.085,0.327485588436478,0.1392708869287304,57.45762711864407,126.0,473.0,526.0,525.5
269,322.25,0.3810448059332513,0.27781029930378426,63.163841807909606,503.0,353.0,291.0,137.0
270,507.395,-0.3217714657969811,-0.4733883810655899,50.056497175141246,13.0,675.0,724.0,641.5
271,379.455,0.4493804355236725,0.3091819761114996,62.20338983050847,376.0,175.0,151.0,279.5
272,436.21,0.4555602795529234,0.2834402598749447,60.790960451977405,245.0,147.0,252.0,396.5
273,374.07,0.4435003352641992,0.3067388627777886,62.14689265536723,388.0,192.0,169.0,292.0
274,285.235,0.33465245462267945,0.25550353619878424,63.44632768361582,585.0,468.0,391.0,19.0
275,451.805,0.4325552936270908,0.2535688940033435,59.88700564971751,207.0,234.0,395.0,444.0
276,401.13,0.47675635351587886,0.32243783619956956,61.80790960451978,328.0,81.0,45.0,321.0
277,384.815,0.45454655116197645,0.3109800141205389,62.20338983050848,364.0,156.0,133.0,268.5
278,305.54499999999996,0.36002285908414,0.26766481145992216,63.2768361581921,540.0,410.0,338.0,107.0
279,305.08000000000004,0.35906876072542465,0.2670419197210771,63.2768361581921,541.0,414.0,342.0,107.0
280,284.255,0.3313162886629084,0.2529676020717492,63.44632768361582,587.0,470.0,397.0,19.0
281,430.65,0.4816603337303595,0.3106081471686695,61.07344632768361,260.0,56.0,136.0,387.0
282,489.575,0.2416636530013188,0.056471236612470166,55.2542372881356,104.0,550.0,556.0,552.0
283,318.505,0.3726980344423533,0.2721820900683465,63.163841807909606,511.0,361.0,312.0,137.0
284,426.8,0.4826408424255819,0.31364613086965654,61.24293785310735,269.0,50.0,110.0,375.5
285,392.645,0.46862426939664226,0.3196339477069021,62.03389830508475,347.0,97.0,72.0,305.0
286,330.28499999999997,0.3886511824664733,0.28037834125240885,62.93785310734464,485.0,329.0,275.0,179.5
287,314.35,0.36496793075931155,0.26735015480834046,63.1638418079096,520.0,397.0,341.0,148.0
288,455.725,0.43357394187114157,0.25233712121143637,59.83050847457627,198.0,232.0,398.0,453.0
289,350.84000000000003,0.421018636215393,0.298861354695329,62.7683615819209,440.0,260.0,185.0,233.5
290,447.88,0.4560458796488677,0.2774226703304067,60.16949152542373,218.0,140.0,293.0,431.0
291,317.595,0.37136102542185656,0.27145236685039226,63.163841807909606,513.0,363.0,319.0,137.0
292,501.835,-0.036825084123891294,-0.2073347984709103,50.50847457627118,52.0,612.0,630.0,604.0
293,489.005,0.250036834828723,0.06451453781004918,55.367231638418076,106.0,549.0,554.0,548.5
294,285.735,0.33660613145103246,0.2570295333921702,63.502824858757066,584.0,465.0,385.0,9.0
295,297.85,0.34980065780378805,0.2624942846267856,63.333333333333336,557.0,439.0,365.0,83.0
296,500.3,-0.019033661888524733,-0.19006487690551743,50.67796610169491,61.0,608.0,622.0,603.0
297,454.78499999999997,0.4313801513052418,0.25083330760387623,59.83050847457628,200.0,238.0,403.0,448.0
298,365.335,0.44055442052830157,0.30885973033845093,62.59887005649718,408.0,211.0,154.0,242.5
299,353.04,0.4222192049031274,0.2987504367662,62.824858757062145,435.0,257.0,186.0,222.0
300,313.945,0.36572739549140154,0.26827544384870644,63.22033898305085,521.0,393.0,334.0,125.5
301,506.775,-0.4134343779721641,-0.5576393049177173,50.05649717514124,19.0,699.0,758.0,658.5
302,503.59000000000003,-0.09763750407309302,-0.26443009437937515,50.225988700564976,42.0,626.0,647.0,618.0
303,403.665,0.47519830053224976,0.31959541832099436,61.751412429378526,321.0,86.0,73.0,327.5
304,484.33,0.326063975785611,0.13726911019723836,57.34463276836158,123.0,479.0,529.0,528.0
305,367.515,0.44118380151910075,0.3082327521495848,62.54237288135593,403.0,208.0,162.0,246.0
306,507.86,-0.2222092426780159,-0.38176141492638016,50.05649717514124,10.0,655.0,690.0,658.5
307,317.16499999999996,0.37140650553277715,0.2717325805660865,63.163841807909606,514.0,362.0,317.0,137.0
308,433.39,0.46130492345025514,0.29030432835230985,60.7909604519774,252.0,121.0,219.0,403.0
309,336.62,0.3970106671403143,0.2845832983235487,62.93785310734463,471.0,313.0,241.0,196.0
310,440.43,0.46514674325100536,0.2899493909790971,60.67796610169492,236.0,107.0,222.0,409.0
311,289.01,0.3438560076589797,0.2619058358238272,63.389830508474574,577.0,450.0,372.0,53.0
312,355.83,0.42794379505542374,0.3024877871992744,62.88135593220339,429.0,247.0,179.0,204.5
313,460.2,0.4257910175150871,0.24267500202714773,59.717514124293785,186.0,249.0,425.0,461.0
314,292.675,0.3499180283621367,0.2654698040203164,63.389830508474574,569.0,436.0,349.0,53.0
315,372.605,0.4509648988438086,0.31443948595221666,62.37288135593221,392.0,169.0,105.0,255.0
316,310.57,0.3679475963938079,0.27219434941840803,63.27683615819209,529.0,379.0,311.0,117.0
317,465.485,0.404163148099821,0.21978679546208127,59.378531073446325,173.0,297.0,473.0,474.0
318,345.445,0.4148529421074518,0.29616021123174924,62.93785310734464,452.0,274.0,201.0,179.5
319,430.17,0.4802778445989418,0.30959821023502077,61.12994350282486,261.0,63.0,145.0,384.5
320,479.775,0.34388816494895574,0.15624249764262388,58.0225988700565,135.0,449.0,518.0,514.0
321,452.805,0.43646264728379675,0.25662088839011543,59.99999999999999,205.0,223.0,387.0,441.0
322,435.75,0.4547489781184413,0.2829463832010334,60.7909604519774,246.0,152.0,258.0,403.0
323,482.595,0.3258175054565928,0.13800291986521318,57.45762711864407,127.0,480.0,528.0,525.5
324,362.39,0.4427291413197873,0.31249842219245827,62.82485875706215,415.0,197.0,121.0,212.5
325,417.235,0.480642669456929,0.31710151625131366,61.46892655367232,291.0,60.0,91.0,358.5
326,375.08,0.447693282769373,0.3100488872944293,62.31638418079096,386.0,180.0,141.0,258.5
327,306.99,0.3643131234026272,0.27082363732580317,63.333333333333336,537.0,398.0,324.0,83.0
328,311.015,0.36833050705558845,0.2723011808975164,63.27683615819208,528.0,375.0,309.0,123.5
329,499.54,0.04554331479314977,-0.13004660167521465,51.016949152542374,65.0,596.0,614.0,596.0
330,499.64,0.06072526887285745,-0.11609079107648301,51.07344632768361,64.0,593.0,613.0,595.0
331,500.71,0.005001701493681288,-0.16811013228085825,50.7909604519774,58.0,605.0,620.0,599.5
332,504.925,-0.1088147876827823,-0.27548510924209524,50.16949152542373,33.0,632.0,653.0,621.5
333,497.52,0.12343952894802024,-0.05703808560817769,52.485875706214685,76.0,579.0,594.0,585.0
334,359.17,0.4370500312784117,0.30904128547507814,62.88135593220339,422.0,221.0,153.0,204.5
335,383.09000000000003,0.454585674681426,0.3119718539183825,62.203389830508485,368.0,155.0,122.0,265.0
336,308.43,0.36846059079688,0.2738534481267492,63.27683615819209,534.0,374.0,304.0,117.0
337,373.61,0.4426890338297171,0.3062449861038773,62.259887005649716,389.0,198.0,171.0,262.5
338,312.315,0.36847966057129405,0.27171856988030196,63.2768361581921,525.0,373.0,318.0,107.0
339,432.935,0.46063641894000684,0.2899394667433328,60.790960451977405,253.0,122.0,223.0,396.5
340,334.395,0.3950961138314108,0.2840491409280063,62.93785310734464,476.0,318.0,247.0,179.5
341,506.205,-0.19551893102923035,-0.35621234561936543,50.05649717514124,22.0,650.0,679.0,658.5
342,401.90999999999997,0.3634465021510155,0.21743358402882237,57.85310734463276,326.0,401.0,476.0,519.0
343,464.49,0.4003985913673488,0.21686381614024353,59.32203389830509,175.0,304.0,479.0,475.0
344,458.88,0.4250706763024462,0.24274155278462498,59.717514124293785,190.0,250.0,424.0,461.0
345,489.46500000000003,0.2508481362632055,0.06500841448396083,55.367231638418076,105.0,547.0,553.0,548.5
346,449.225,0.4451541898876464,0.2666256855975553,60.112994350282484,214.0,186.0,343.0,437.0
347,488.585,0.25036790878811144,0.06505278165561218,55.367231638418076,107.0,548.0,552.0,548.5
348,407.385,0.4828310874019784,0.3245785522317604,61.69491525423729,313.0,46.0,21.0,335.0
349,484.43,0.316593898675257,0.1284739021958794,57.005649717514125,122.0,496.0,536.0,533.0
350,376.28,0.44498649780040145,0.3068859749785284,62.20338983050847,383.0,187.0,168.0,279.5
351,351.71,0.4212132698420188,0.2985589573938085,62.824858757062145,438.0,259.0,188.0,222.0
352,405.02,0.476918220214527,0.3204319730180568,61.63841807909605,318.0,80.0,64.0,342.5
353,371.685,0.4493422959748441,0.31345173260439374,62.42937853107345,394.0,176.0,112.0,250.5
354,448.865,0.447198826937841,0.26871211022233016,60.11299435028248,215.0,181.0,332.0,439.0
355,497.42,-0.8408456259490859,-0.9469081123104109,50.056497175141246,77.0,813.0,858.0,641.5
356,286.625,0.33737195277459353,0.25724319635038695,63.33333333333333,582.0,463.0,384.0,96.5
357,327.61,0.3862109215715557,0.2796083373128239,63.05084745762712,491.0,338.0,281.0,157.0
358,456.6,0.4339113724220015,0.25216373897485045,59.83050847457627,196.0,231.0,399.0,453.0
359,408.245,0.4827401271801368,0.3240181248003715,61.69491525423729,311.0,47.0,27.0,335.0
360,439.005,0.4614276666294537,0.2873066253729536,60.67796610169491,239.0,117.0,228.0,412.5
361,489.955,0.24019020364805949,0.05490087224743251,55.141242937853114,103.0,552.0,558.0,553.0
362,494.99,0.174444441236008,-0.008564615464486058,53.61581920903955,86.0,570.0,581.0,575.0
363,494.67,0.1776314536800735,-0.0054460703202365845,53.67231638418079,87.0,569.0,580.0,573.0
364,474.065,0.36570431139937615,0.17953993298831877,58.58757062146893,150.0,394.0,503.0,499.5
365,366.185,0.44017786645799256,0.3080412727771936,62.59887005649718,406.0,213.0,163.0,242.5
366,296.66499999999996,0.3529358335454611,0.26604424213748945,63.333333333333336,560.0,421.0,347.0,83.0
367,501.315,-0.03934994864917962,-0.20937685592403343,50.395480225988706,54.0,614.0,632.0,610.0
368,295.71500000000003,0.3504564491310939,0.264282398400061,63.27683615819209,562.0,431.0,354.0,117.0
369,340.88,0.40773950623226635,0.292124549947175,62.93785310734464,462.0,286.0,210.0,179.5
370,346.805,0.41671565871396354,0.29712578099374665,62.93785310734464,449.0,271.0,197.0,179.5
371,307.47,0.3656956125340446,0.27183357425945165,63.27683615819208,536.0,395.0,315.0,123.5
372,413.77,0.4802925257231261,0.31869815065219753,61.5819209039548,299.0,62.0,80.0,349.0
373,395.925,0.47601694252882404,0.324639265203494,62.03389830508475,340.0,83.0,20.0,305.0
374,316.69,0.37016681332559365,0.2708516586973723,63.163841807909606,515.0,366.0,322.0,137.0
375,354.835,0.42417923832295146,0.29956480787743667,62.824858757062145,431.0,252.0,183.0,222.0
376,370.21500000000003,0.44433804703518825,0.3096478314138418,62.3728813559322,397.0,188.0,144.0,256.5
377,349.92,0.41939603334642844,0.29787360134750607,62.881355932203384,442.0,265.0,192.0,211.0
378,486.85,0.2870994852441866,0.09991311922372348,56.271186440677965,113.0,538.0,542.0,541.0
379,436.675,0.4565143779116395,0.2840631516137906,60.7909604519774,244.0,139.0,246.0,403.0
380,297.4,0.3492749502177739,0.26225843808274313,63.33333333333334,558.0,441.0,369.0,73.5
381,291.735,0.34772423779623696,0.2639659904127563,63.389830508474574,571.0,444.0,356.0,53.0
382,293.15,0.3511577205693204,0.26635072588903064,63.333333333333336,568.0,429.0,345.0,83.0
383,442.74,0.45716282867685276,0.28130129517847713,60.56497175141243,230.0,137.0,266.0,418.0
384,495.755,0.15931432385869215,-0.02295183842967241,53.2768361581921,82.0,573.0,585.0,577.0
385,365.795,0.441365721962784,0.3093536070123626,62.598870056497184,407.0,206.0,148.0,239.0
386,313.14,0.3673891218798152,0.27025503699437264,63.220338983050844,523.0,382.0,325.0,127.5
387,349.025,0.4184874150986333,0.2975309233243548,62.88135593220339,444.0,267.0,193.0,204.5
388,372.15,0.4502963943335602,0.3140746243432396,62.42937853107344,393.0,172.0,107.0,253.0
389,319.44,0.3747490280840194,0.2735568886109724,63.163841807909606,509.0,359.0,305.0,137.0
390,505.305,-0.15959229941616582,-0.32255751080731443,50.112994350282484,32.0,643.0,665.0,628.0
391,337.065,0.3973935778020948,0.284690129802657,62.93785310734464,470.0,311.0,240.0,179.5
392,439.445,0.4616677803670005,0.28728444178712775,60.67796610169492,238.0,116.0,229.0,409.0
393,444.925,0.4579350065918857,0.2808033320545452,60.45197740112994,225.0,133.0,273.0,424.0
394,486.735,0.2714891403917773,0.08557026343018892,55.98870056497176,114.0,540.0,544.0,542.0
395,389.51,0.4653727070672421,0.31837006709340554,62.14689265536723,354.0,106.0,85.0,292.0
396,431.405,0.466244622504576,0.2959628940736145,61.01694915254238,257.0,104.0,204.0,388.0
397,426.35,0.48211513483956725,0.3134102843256137,61.24293785310734,270.0,54.0,114.0,378.5
398,298.28499999999997,0.34989797461710115,0.2623430859760256,63.33333333333334,556.0,438.0,367.0,73.5
399,502.245,-0.04976776752677836,-0.21950658174638726,50.3954802259887,51.0,617.0,633.0,611.5
400,490.405,0.24071591123407415,0.055136718791475414,55.14124293785311,102.0,551.0,557.0,554.5
401,410.08,0.48584253599383176,0.32586461643108283,61.75141242937853,307.0,20.0,15.0,326.0
402,303.805,0.3596335918308884,0.26826960606296324,63.333333333333336,544.0,411.0,335.0,83.0
403,370.725,0.4465773177120086,0.3114318587370961,62.485875706214685,396.0,183.0,127.0,248.5
404,386.295,0.4598363939501001,0.31504194544095965,62.316384180790955,361.0,126.0,102.0,260.0
405,394.005,0.47048698600315353,0.32059951746889914,62.03389830508475,344.0,94.0,63.0,305.0
406,301.37,0.35172156770416335,0.2623168159401794,63.333333333333336,549.0,426.0,368.0,83.0
407,320.405,0.3776568032710885,0.2757057775432042,63.163841807909606,507.0,357.0,300.0,137.0
408,418.15999999999997,0.48240806925012725,0.31821828466407076,61.46892655367232,289.0,51.0,86.0,358.5
409,309.68,0.36718177507024685,0.27198068646019136,63.2768361581921,531.0,385.0,314.0,107.0
410,503.22,-0.08355244527633521,-0.2512261905844234,50.282485875706215,47.0,624.0,643.0,616.5
411,502.87,-0.05657018318761042,-0.22613071722968892,50.33898305084746,49.0,620.0,637.0,614.0
412,295.275,0.35021633539354713,0.26430458198588686,63.33333333333333,563.0,435.0,353.0,96.5
413,318.025,0.371315545310936,0.27117215313469806,63.1638418079096,512.0,364.0,321.0,148.0
414,477.03499999999997,0.3642435752290597,0.17654631645898317,58.4180790960452,143.0,399.0,506.0,507.0
415,378.98,0.4481407433164889,0.30830105424278537,62.20338983050847,377.0,178.0,158.0,279.5
416,507.53499999999997,-0.21916502715818442,-0.37877188484706525,50.056497175141246,12.0,654.0,689.0,641.5
417,427.25,0.48316655001159653,0.3138819774136994,61.12994350282486,268.0,42.0,108.0,384.5
418,352.1,0.42002541433722723,0.2972466231586396,62.824858757062145,437.0,263.0,195.0,222.0
419,442.24,0.4552091518484998,0.2797752979850912,60.50847457627118,231.0,148.0,280.0,420.5
420,445.675,0.45470251403689954,0.27740457319460143,60.395480225988706,223.0,154.0,294.0,425.5
421,475.65,0.36166687400137937,0.17493567137231475,58.474576271186436,146.0,407.0,510.0,503.5
422,405.455,0.4770155370278401,0.3202807743672968,61.63841807909604,317.0,78.0,67.0,346.0
423,300.875,0.3499106878000442,0.2609198338117277,63.333333333333336,550.0,437.0,375.0,83.0
424,328.065,0.3868794260818036,0.2799731989218006,62.99435028248588,490.0,334.0,278.0,161.5
425,503.71500000000003,-0.6117602359585551,-0.7389761083579272,50.056497175141246,39.0,761.0,805.0,641.5
426,413.52,0.48547869510646524,0.32362290670552724,61.63841807909604,300.0,22.0,33.0,346.0
427,364.43,0.439360208432039,0.3082590221854313,62.65536723163842,410.0,216.0,160.0,237.0
428,331.16999999999996,0.3892742068658006,0.28046298914569123,62.93785310734464,483.0,325.0,274.0,179.5
429,411.79,0.48537502170168106,0.3244857314384366,61.69491525423729,304.0,23.0,23.0,335.0
430,398.98,0.47698375407048316,0.32383890477804195,61.9774011299435,333.0,79.0,30.0,311.5
431,497.14,0.12491297830127945,-0.055467721243140033,52.54237288135593,78.0,578.0,591.0,583.0
432,311.435,0.3679994330962003,0.27176293705195376,63.27683615819209,527.0,378.0,316.0,117.0
433,505.37,-0.10843187702100132,-0.2753782777629865,50.16949152542373,30.0,631.0,652.0,621.5
434,464.975,0.4019238774230003,0.21800276813882655,59.26553672316385,174.0,301.0,475.0,476.0
435,446.97,0.45470887062837106,0.27669294711245246,60.282485875706215,220.0,153.0,297.0,429.0
436,419.98,0.48508208729112107,0.3196777310999795,61.46892655367231,285.0,27.0,69.0,365.5
437,461.21,0.40533193383019817,0.22323400794369708,59.6045197740113,183.0,296.0,470.0,467.5
438,393.515,0.4688189030232684,0.31933155040538197,62.03389830508475,345.0,96.0,76.0,305.0
439,412.625,0.48457007685867004,0.32328022868237605,61.63841807909604,302.0,31.0,34.0,346.0
440,427.755,0.4852630237641832,0.3155369896720196,61.24293785310735,267.0,25.0,99.0,375.5
441,459.26,0.4235972269491873,0.24117118841958765,59.717514124293785,189.0,253.0,429.0,461.0
442,429.8,0.48203688780066856,0.31142660472992684,61.12994350282486,262.0,55.0,128.0,384.5
443,424.155,0.49338337867109805,0.3250257266197227,61.299435028248595,276.0,11.0,18.0,372.5
444,425.125,0.4841079351873698,0.31592812131684317,61.24293785310735,273.0,36.0,96.0,375.5
445,353.42,0.4207457555498681,0.29718007240116234,62.824858757062145,434.0,261.0,196.0,222.0
446,434.485,0.4555994030723729,0.2844320996727883,60.7909604519774,249.0,146.0,243.0,403.0
447,457.0,0.43300911076567783,0.2511094348695503,59.83050847457628,195.0,233.0,401.0,448.0
448,488.195,0.251555764292903,0.06636511589078115,55.367231638418076,108.0,546.0,551.0,548.5
449,387.675,0.4622702982535467,0.31652357546269383,62.20338983050847,358.0,114.0,94.0,279.5
450,500.96500000000003,-0.02469370215548594,-0.19565689186934443,50.451977401129945,56.5,610.0,625.0,606.5
451,457.76,0.4300622120591595,0.24796870613947525,59.83050847457627,193.0,241.0,415.0,453.0
452,417.675,0.48088278319447575,0.3170793326654878,61.46892655367232,290.0,59.0,92.0,358.5
453,354.375,0.4233679368884694,0.29907093120352535,62.824858757062145,432.0,255.0,184.0,222.0
454,460.45,0.4082788325367169,0.2263747366737725,59.66101694915255,185.0,283.0,466.0,464.0
455,482.2,0.3268625640371506,0.13918623903544797,57.570621468926554,129.0,475.0,527.0,523.0
456,378.61,0.4498997865182156,0.31012944873769144,62.20338983050848,378.0,173.0,140.0,268.5
457,492.21500000000003,0.230778319831569,0.04496262579746996,54.97175141242938,97.0,557.0,564.0,558.5
458,328.565,0.38883310291015655,0.2814991961151866,63.05084745762712,489.0,327.0,264.0,157.0
459,357.235,0.4310916839800397,0.30461449254568035,62.824858757062145,426.0,239.0,176.0,222.0
460,400.295,0.47756129835888983,0.32364333895563013,61.92090395480226,330.0,75.0,32.0,314.5
461,408.725,0.48412261631155407,0.32502806173401994,61.69491525423729,310.0,35.0,17.0,335.0
462,467.90999999999997,0.38713754718801596,0.20273053685490533,59.152542372881356,166.0,332.0,484.0,481.0
463,434.03499999999997,0.45507369548635823,0.2841962531287454,60.7909604519774,250.0,150.0,245.0,403.0
464,484.92,0.3182619816551422,0.12974186925939662,57.00564971751413,121.0,494.0,535.0,532.0
465,480.58,0.34222643856054163,0.15426290449695734,57.90960451977401,133.0,456.0,522.0,518.0
466,385.795,0.4578827171217471,0.3135159482475737,62.259887005649716,362.0,134.0,111.0,262.5
467,432.53,0.4613958836720968,0.2908647557836988,60.7909604519774,254.0,118.0,218.0,403.0
468,300.025,0.35028724187035365,0.2617382913729853,63.333333333333336,552.0,434.0,374.0,83.0
469,361.515,0.4423917107689274,0.3126718044290442,62.82485875706215,417.0,201.0,118.0,212.5
470,459.735,0.4248369191563709,0.2420521102883019,59.717514124293785,188.0,251.0,427.0,461.0
471,349.485,0.41929871653311535,0.29802479999826614,62.88135593220339,443.0,266.0,191.0,204.5
472,415.905,0.4796367343958207,0.3169100368789225,61.46892655367232,294.0,64.0,93.0,358.5
473,500.525,-0.024933815893032785,-0.1956347082835186,50.451977401129945,59.0,611.0,624.0,606.5
474,382.6,0.45291759170154045,0.31070388685486494,62.20338983050847,369.0,162.0,135.0,279.5
475,504.835,-0.5304696625500505,-0.664574696612459,50.05649717514124,34.0,731.0,789.0,658.5
476,378.2,0.4505164543260719,0.31092572271312324,62.20338983050847,379.0,171.0,134.0,279.5
477,303.33000000000004,0.3583938996237048,0.26738868419424894,63.33333333333333,545.0,415.0,340.0,96.5
478,352.575,0.42126510654441124,0.29812754502735417,62.824858757062145,436.0,258.0,189.0,222.0
479,508.295,-0.3453720818150142,-0.49566770657759496,50.056497175141246,4.0,682.0,735.0,641.5
480,402.025,0.47766497176367445,0.32278051422272114,61.80790960451978,325.0,72.0,40.0,321.0
481,388.615,0.4644640888194465,0.31802738907025396,62.146892655367225,356.0,108.0,87.0,297.5
482,485.85,0.307844162777543,0.11961214343704246,56.836158192090394,119.0,504.0,537.0,536.5
483,379.935,0.45076292465509027,0.3101919130451484,62.20338983050847,375.0,170.0,138.0,279.5
484,452.295,0.4342233766069759,0.2548368610668607,59.83050847457627,206.0,229.0,392.0,453.0
485,486.435,0.2998993717228403,0.11195588743426649,56.7231638418079,116.0,529.0,539.0,538.0
486,434.83,0.45312637524947674,0.2819586298532105,60.790960451977405,248.0,161.0,262.0,396.5
487,358.665,0.434953557525825,0.307386273216758,62.76836158192091,423.0,228.0,166.0,232.0
488,503.225,-0.0587576171620392,-0.2283461569193983,50.33898305084746,46.0,621.0,638.0,614.0
489,466.6,0.399028815418874,0.21443062704229682,59.2090395480226,170.0,308.0,481.0,478.0
490,341.73,0.4073629521619569,0.29130609238591737,62.93785310734464,460.0,287.0,215.0,179.5
491,504.47,-0.5532198536141519,-0.6853683056527095,50.056497175141246,36.0,740.0,792.0,641.5
492,334.845,0.3956218214174251,0.2842849874720488,62.93785310734464,475.0,317.0,244.0,179.5
493,505.865,-0.16825107509203818,-0.33085884213476247,50.112994350282484,27.0,645.0,669.0,628.0
494,359.58,0.43643336347055545,0.3082450114996464,62.824858757062145,421.0,224.0,161.0,222.0
495,289.405,0.34281094907842236,0.26072251665359286,63.33333333333333,576.0,454.0,376.0,96.5
496,493.75,0.18833486640614006,0.004941685631986048,54.06779661016949,90.0,565.0,576.0,568.0
497,470.65999999999997,0.36706773075637944,0.1826847481684145,58.70056497175141,158.0,388.0,496.0,493.0
498,407.81,0.48264281036682366,0.3241693234511316,61.69491525423729,312.0,49.0,25.0,335.0
499,367.895,0.4397103521658415,0.3066623877845471,62.42937853107345,402.0,215.0,170.0,250.5
500,332.525,0.3909941265480787,0.2812995438427545,62.88135593220339,480.0,322.0,267.0,204.5
501,321.375,0.3807073753823914,0.27798368154037023,63.163841807909606,505.0,354.0,290.0,137.0
502,497.88,0.10906887630279438,-0.070500019532998,52.20338983050847,74.0,583.0,597.0,587.0
503,377.73,0.44941955904312203,0.3101738159093432,62.20338983050848,380.0,174.0,139.0,268.5
504,438.53,0.46018797442227016,0.2864257035042394,60.67796610169492,240.0,125.0,231.0,409.0
505,390.89,0.4678066113706887,0.3198516971151397,62.14689265536723,351.0,100.0,68.0,292.0
506,409.115,0.48293476080676256,0.323715727498851,61.69491525423729,309.0,44.0,31.0,335.0
507,494.135,0.18700421397711486,0.0035003363318829583,54.01129943502825,89.0,566.0,578.0,569.0
508,345.865,0.4145218681480638,0.29562196738618657,62.93785310734463,451.0,275.0,205.0,196.0
509,319.94,0.37670270491237234,0.2750828858043583,63.22033898305085,508.0,358.0,301.0,125.5
510,409.57,0.4836032653170109,0.3240805891078281,61.63841807909604,308.0,39.0,26.0,346.0
511,293.64,0.352825803549205,0.2676186929525475,63.333333333333336,567.0,424.0,339.0,83.0
512,455.245,0.43219145273972426,0.25132718427778794,59.83050847457626,199.0,236.0,400.0,456.5
513,387.275,0.46317255990987083,0.31757787956799444,62.20338983050847,359.0,112.0,89.0,279.5
514,499.655,0.07347967524059018,-0.10432823658163459,51.186440677966104,63.0,591.0,610.0,594.0
515,353.915,0.42255663545398736,0.2985770545296141,62.824858757062145,433.0,256.0,187.0,222.0
516,381.755,0.4534369426960836,0.31165135948105677,62.259887005649716,371.0,159.0,125.0,262.5
517,320.89,0.3791820893267395,0.27684472954178685,63.163841807909606,506.0,356.0,296.0,137.0
518,492.925,0.22640345188271194,0.040531746418051406,54.8587570621469,95.0,559.0,566.0,561.0
519,337.525,0.39820487923657727,0.28518400647656866,62.88135593220339,469.0,309.0,236.0,204.5
520,287.525,0.3384233679466228,0.25771488943847265,63.27683615819209,580.0,462.0,382.0,117.0
521,369.26,0.44171586569658694,0.3077569726114787,62.42937853107344,399.0,205.0,164.0,253.0
522,446.145,0.45579940931984947,0.27815647999838145,60.395480225988706,222.0,142.0,289.0,425.5
523,493.25,0.22335923636288063,0.037542216338736445,54.68926553672317,93.0,560.0,567.0,563.0
524,500.96500000000003,-0.037019717750517045,-0.2070324011693898,50.451977401129945,56.5,613.0,629.0,606.5
525,390.43,0.4669953099362066,0.3193578204412285,62.14689265536723,352.0,103.0,75.0,292.0
526,462.1,0.40609775515375957,0.22344767090191414,59.604519774011294,181.0,292.0,469.0,469.0
527,294.45500000000004,0.35144967100925967,0.2658971299367504,63.333333333333336,565.0,428.0,348.0,83.0
528,428.555,0.4834585004515358,0.3134283814614192,61.129943502824865,265.0,40.0,113.0,381.5
529,450.45,0.4431613895398443,0.26410784860632613,60.112994350282484,211.0,195.0,355.0,437.0
530,424.935,0.49100766766151493,0.3224010581493848,61.299435028248595,274.0,13.0,46.0,372.5
531,423.195,0.49061840040826254,0.3230058527524251,61.35593220338983,278.0,14.0,36.0,371.0
532,360.525,0.43876995096068927,0.309877840172141,62.7683615819209,419.0,218.0,142.0,233.5
533,420.42,0.48532220102866785,0.31965554751415365,61.46892655367232,284.0,24.0,70.0,358.5
534,415.21500000000003,0.484582790041613,0.3218569765180781,61.581920903954796,296.0,30.0,53.0,350.5
535,506.11,-0.21055808818470456,-0.3700391411531627,50.056497175141246,24.0,651.0,686.0,641.5
536,492.69,0.23201801203875255,0.0458435476661842,54.91525423728814,96.0,556.0,562.0,560.0
537,294.85,0.35040461242870136,0.26471381076651535,63.33333333333333,564.0,432.0,352.0,96.5
538,478.395,0.35378027624053987,0.16613637692093475,58.24858757062147,139.0,419.0,515.0,510.5
539,471.52,0.3669767705345378,0.18212432073702556,58.700564971751405,156.0,389.0,498.0,496.0
540,314.825,0.3662076229664951,0.26823107667705476,63.163841807909606,519.0,391.0,336.0,137.0
541,381.245,0.45119767201926325,0.30986733215780243,62.14689265536723,372.0,168.0,143.0,292.0
542,469.145,0.3854303406886812,0.2004707299935446,59.039548022598865,163.0,342.0,487.0,486.0
543,342.185,0.40803145667220564,0.29167095399489484,62.93785310734463,459.0,284.0,214.0,196.0
544,357.71,0.4323313761872233,0.3054954144143946,62.824858757062145,425.0,235.0,175.0,222.0
545,474.545,0.3670868005307938,0.1805498699219676,58.58757062146893,149.0,387.0,500.0,499.5
546,301.85,0.35310405683558066,0.2633267528738279,63.33333333333334,548.0,420.0,362.0,73.5
547,341.24,0.40569486918207215,0.29003812532240053,62.93785310734463,461.0,295.0,221.0,196.0
548,476.575,0.3634322737945776,0.17605243978507185,58.474576271186436,144.0,402.0,507.0,503.5
549,472.005,0.36850205659018914,0.1832632727356086,58.70056497175141,155.0,372.0,495.0,493.0
550,414.755,0.48377148860713054,0.32136309984416644,61.63841807909604,297.0,38.0,56.0,346.0
551,290.35,0.3451475365685558,0.2623553453260872,63.389830508474574,574.0,448.0,366.0,53.0
552,503.44,-0.6319400823864477,-0.7574474462293601,50.056497175141246,43.0,768.0,811.0,641.5
553,340.4,0.40635701710084904,0.2911146130135266,62.93785310734464,463.0,290.0,216.0,179.5
554,288.495,0.3414739400579256,0.25999279343563864,63.27683615819209,578.0,457.0,380.0,117.0
555,448.195,0.45271607028056854,0.2741751101212229,60.112994350282484,217.0,163.0,302.0,437.0
556,347.23,0.41652738167880843,0.29671655221311743,62.93785310734464,448.0,272.0,199.0,179.5
557,289.84000000000003,0.34290826589173545,0.2605713180028328,63.220338983050844,575.0,453.0,378.0,127.5
558,356.28,0.42846950264143835,0.30272363374331723,62.824858757062145,428.0,244.0,178.0,222.0
559,494.24,0.17767693379099403,-0.005165856604542163,53.728813559322035,88.0,568.0,579.0,571.0
560,385.29,0.4557862433691605,0.3118609359892535,62.090395480225986,363.0,143.0,123.0,299.0
561,344.005,0.41070547471319907,0.2931304004308032,62.93785310734464,455.0,279.0,208.0,179.5
562,477.405,0.362484532027333,0.1747179219640771,58.361581920903944,142.0,403.0,511.0,509.0
563,437.635,0.45927935617447496,0.28608302548108816,60.7909604519774,242.0,130.0,234.0,403.0
564,391.825,0.46985760501235474,0.3212264956577656,62.14689265536723,349.0,95.0,59.0,292.0
565,430.735,0.47176186584730345,0.30142589397250724,61.016949152542374,259.0,92.0,180.0,389.5
566,503.175,-0.6518343349658726,-0.7756607539709243,50.056497175141246,48.0,775.0,816.0,641.5
567,403.19,0.47395860832506576,0.3187144964522797,61.80790960451978,322.0,90.0,79.0,321.0
568,291.21500000000003,0.3451993732709483,0.2619239329596328,63.27683615819209,572.0,447.0,371.0,117.0
569,508.425,-0.23072522142965424,-0.38993373118889374,50.05649717514124,3.0,657.0,696.0,658.5
570,456.21,0.43509922792679306,0.2534760732100194,59.83050847457626,197.0,227.0,396.0,456.5
571,316.22,0.36906991804264366,0.27009975189359225,63.163841807909606,516.0,368.0,327.0,137.0
572,299.18,0.35080659286489674,0.26268576399917715,63.333333333333336,554.0,430.0,364.0,83.0
573,443.69,0.4596422130912204,0.283063138915906,60.56497175141243,228.0,128.0,256.0,418.0
574,468.705,0.3851902269511345,0.20049291357937044,59.09604519774012,164.0,343.0,486.0,483.0
575,421.355,0.4873731946703339,0.32103034605677955,61.46892655367232,282.0,18.0,60.0,358.5
576,286.15999999999997,0.3364178544158773,0.25662030461154106,63.333333333333336,583.0,466.0,388.0,83.0
577,396.405,0.4773994316602418,0.3256492021371428,62.03389830508475,339.0,76.0,16.0,305.0
578,506.345,-0.1791946015556516,-0.34122441450115915,50.05649717514124,21.0,648.0,674.0,658.5
579,503.62,-0.05980267574259657,-0.2295294760896327,50.33898305084746,40.0,622.0,640.0,614.0
580,503.945,-0.0998249380475219,-0.26664553406908453,50.16949152542372,38.0,627.0,649.0,625.5
581,384.485,0.4574479697575741,0.31384052913491967,62.20338983050847,365.0,136.0,109.0,279.5
582,282.815,0.32716882126865565,0.2499377912708031,63.389830508474574,590.0,474.0,406.0,53.0
583,283.74,0.32893422106185427,0.2510545596835606,63.33333333333333,588.0,471.0,402.0,96.5
584,338.97,0.4024951435550637,0.2883428323424489,62.93785310734464,466.0,299.0,227.0,179.5
585,446.555,0.4551827415119936,0.2773602060229501,60.33898305084746,221.0,149.0,295.0,428.0
586,394.475,0.4715838812861034,0.32135142427267915,62.03389830508475,343.0,93.0,57.0,305.0
587,451.175,0.4392149123636888,0.26006401442171057,60.0,209.0,217.0,379.0,440.0
588,400.775,0.4789437874903076,0.32465327588927895,61.86440677966102,329.0,68.0,19.0,317.5
589,296.23,0.35283851673214794,0.2661954407882495,63.389830508474574,561.0,422.0,346.0,53.0
590,415.635,0.48425171608222456,0.3213187326725151,61.581920903954796,295.0,34.0,58.0,350.5
591,441.475,0.4580132536307844,0.282787011650232,60.56497175141243,233.0,132.0,259.0,418.0
592,414.245,0.4815322179303101,0.3195790725209121,61.52542372881355,298.0,58.0,74.0,353.0
593,290.85,0.34710121339690875,0.26388134251947315,63.44632768361582,573.0,445.0,357.0,19.0
594,344.96000000000004,0.4133276560518008,0.2950212592331666,62.93785310734463,453.0,276.0,206.0,196.0
595,433.57,0.45411959712764205,0.2835733613898995,60.790960451977405,251.0,158.0,250.5,396.5
596,375.36,0.4433638949314369,0.30589822163070546,62.20338983050847,385.0,194.0,173.0,279.5
597,329.35,0.3866001888248072,0.2790035427097829,62.994350282485875,487.0,336.0,286.0,164.0
598,506.795,-0.42518920587026,-0.5684987539580256,50.056497175141246,18.0,704.0,762.0,641.5
599,475.295,0.36385430797580764,0.1771511110620238,58.47457627118644,147.0,400.0,505.0,501.0
600,416.745,0.47897458647704383,0.3158335491877965,61.46892655367232,292.0,66.0,98.0,358.5
601,402.47,0.478047882425455,0.3228873457018294,61.80790960451977,324.0,71.0,39.0,324.5
602,333.03499999999997,0.39323339722489903,0.28308357116600885,62.994350282485875,479.0,320.0,255.0,164.0
603,329.075,0.39107237358697694,0.2832832234384409,63.163841807909606,488.0,321.0,253.0,137.0
604,416.405,0.48159041122417373,0.31843603407230847,61.525423728813564,293.0,57.0,83.0,352.0
605,325.425,0.3854387436565227,0.28010630043675583,63.10734463276836,496.0,341.0,277.0,153.0
606,307.96000000000004,0.3673636955139301,0.27310154132296915,63.2768361581921,535.0,383.0,307.0,107.0
607,503.375,-0.6091444112114254,-0.7363736234734152,50.056497175141246,44.0,760.0,804.0,641.5
608,443.25,0.4594020993536736,0.2830853225017319,60.67796610169491,229.0,129.0,254.0,412.5
609,458.135,0.4284459657816665,0.2462693267095033,59.83050847457628,192.0,245.0,418.0,448.0
610,464.11,0.4018720407206081,0.21843418050528127,59.37853107344633,176.0,302.0,474.0,472.5
611,431.69,0.46205803159087366,0.2919412434748248,60.90395480225989,256.0,115.0,213.0,391.0
612,482.26,0.34090214272298797,0.15210992911470528,57.740112994350284,128.0,459.0,524.0,521.5
613,470.34000000000003,0.37025474320044494,0.18580329331266401,58.75706214689265,159.0,365.0,493.0,490.0
614,462.59000000000003,0.4077658381336452,0.2247156379654317,59.6045197740113,180.0,285.0,467.0,467.5
615,485.895,0.3214553506906787,0.1321487883214968,57.06214689265537,118.0,488.0,533.0,531.0
616,496.145,0.14580045275886966,-0.03563968196488676,52.7683615819209,81.0,574.0,586.0,580.0
617,476.095,0.36204978466315996,0.1750425028514231,58.474576271186436,145.0,406.0,509.0,503.5
618,310.125,0.36756468573202744,0.27208751793929975,63.2768361581921,530.0,381.0,313.0,107.0
619,495.40999999999997,0.17411336727661952,-0.00910285931004906,53.61581920903956,84.0,571.0,582.0,574.0
620,477.725,0.3592975195832674,0.17159937681982756,58.36158192090395,141.0,413.0,512.0,508.0
621,312.735,0.36814858661190597,0.27118032603473935,63.27683615819209,524.0,377.0,320.0,117.0
622,503.37,-0.5969611925406282,-0.7251271292383041,50.05649717514124,45.0,758.0,801.0,658.5
623,467.065,0.38765689818255905,0.2036780094810972,59.152542372881356,168.0,330.0,483.0,481.0
624,284.735,0.3326987777943265,0.2539775390053983,63.389830508474574,586.0,469.0,394.0,53.0
625,420.89,0.4864190963116177,0.32040745431793366,61.46892655367232,283.0,19.0,65.0,358.5
626,296.94,0.3484636487832914,0.2617645614088315,63.33333333333333,559.0,442.0,373.0,96.5
627,292.16999999999996,0.3478215546095493,0.2638147917619955,63.27683615819209,570.0,443.0,358.0,117.0
628,508.68,-0.23576859388875904,-0.3947294721772888,50.056497175141246,1.0,658.0,701.0,641.5
629,491.445,0.23343962468961937,0.04784532439767619,55.02824858757062,99.0,555.0,561.0,557.0
630,371.21,0.4481026037676601,0.3125708107356791,62.42937853107344,395.0,179.0,120.0,253.0
631,495.33,0.15950260089384705,-0.022542609649043532,53.333333333333336,85.0,572.0,584.0,576.0
632,449.97,0.4417789004084266,0.26309791167267726,60.11299435028249,212.0,204.0,363.0,434.0
633,500.4,0.008474307786214608,-0.16473355700673997,50.7909604519774,60.0,604.0,619.0,599.5
634,380.85,0.4522427305998206,0.3110506513280368,62.20338983050847,373.0,166.0,132.0,279.5
635,321.83000000000004,0.38137587989264005,0.27834854314934765,63.163841807909606,504.0,352.0,288.0,137.0
636,373.28,0.4455904524253148,0.3091055011182581,62.259887005649716,390.0,185.0,152.0,262.5
637,333.51,0.3944730894320827,0.2839644930347231,62.93785310734464,478.0,319.0,248.0,179.5
638,350.37,0.4199217409324431,0.298109447891549,62.88135593220339,441.0,264.0,190.0,204.5
639,470.255,0.3801532110835005,0.1949855465088259,58.870056497175135,160.0,355.0,491.0,489.0
640,344.48,0.4119451669203827,0.29401132229951743,62.93785310734464,454.0,277.0,207.0,179.5
641,304.23,0.35944531479573316,0.26786037728233403,63.33333333333333,543.0,412.0,337.0,96.5
642,323.7,0.38547786717597143,0.28109814023459867,63.163841807909606,500.0,340.0,269.0,137.0
643,493.195,0.19713643900624583,0.013372032024367875,54.40677966101695,94.0,563.0,574.0,565.0
644,361.905,0.4412038552641359,0.3113594701938753,62.824858757062145,416.0,207.0,130.0,222.0
645,373.045,0.45120501258135537,0.3144173023663908,62.3728813559322,391.0,167.0,106.0,256.5
646,496.55,0.14504098802677956,-0.03656497100525269,52.71186440677966,80.0,575.0,588.0,581.0
647,491.73,0.22925303377591755,0.043823673798886964,54.97175141242938,98.0,558.0,565.0,558.5
648,493.43,0.21617391004026787,0.03081124937632651,54.632768361581924,92.0,561.0,570.0,564.0
649,342.565,0.4065580073189463,0.2901005896298571,62.88135593220339,458.0,288.0,220.0,204.5
650,483.835,0.32425309588149187,0.13587212806878662,57.34463276836158,124.0,482.0,531.0,528.0
651,481.5,0.3438490414295062,0.15525065784478026,57.79661016949153,131.0,451.0,519.0,520.0
652,487.12,0.2578324723677209,0.07275340483004022,55.706214689265536,111.0,543.0,547.0,544.0
653,391.35,0.46861791280517073,0.32034557378905104,62.14689265536723,350.0,98.0,66.0,292.0
654,425.565,0.48434804892491656,0.31590593773101733,61.24293785310734,272.0,32.0,97.0,378.5
655,383.56,0.45568256996437595,0.3127237607221625,62.20338983050847,367.0,145.0,116.0,279.5
656,302.85,0.35701141049228663,0.2663787472605998,63.44632768361582,546.0,416.0,344.0,19.0
657,397.3,0.47830804990803694,0.32599188016029407,61.9774011299435,337.0,69.0,14.0,311.5
658,362.865,0.443968833526971,0.31337934406117246,62.768361581920914,414.0,189.0,115.0,231.0
659,398.47,0.4747444833936624,0.3220548774547872,61.86440677966102,334.0,88.0,50.0,317.5
660,466.21500000000003,0.40035946784789966,0.21587197634240035,59.2090395480226,171.0,305.0,480.0,478.0
661,315.28999999999996,0.3671617213252113,0.2688539684159006,63.163841807909606,518.0,386.0,331.0,137.0
662,395.455,0.47492004724587417,0.32388735839971394,62.03389830508475,341.0,87.0,29.0,305.0
663,499.055,0.08099607552259169,-0.09705902577366132,51.5819209039548,69.0,588.0,605.0,591.0
664,335.76,0.3971016273621555,0.2851437257549372,62.93785310734464,473.0,312.0,238.0,179.5
665,322.74,0.3827128889131368,0.2790782663673018,63.1638418079096,502.0,351.0,285.0,148.0
666,441.985,0.46025252430760516,0.2845710389734868,60.67796610169491,232.0,124.0,242.0,412.5
667,306.49,0.36235944657427427,0.2692976401324172,63.2768361581921,538.0,404.0,329.0,107.0
668,500.045,0.01066174176064294,-0.16251811731703092,50.7909604519774,62.0,601.0,618.0,599.5
669,363.28,0.4434949626433488,0.3127120851506753,62.71186440677967,413.0,193.0,117.0,235.0
670,507.65,-0.2775107758759614,-0.4326820848538031,50.056497175141246,11.0,664.0,711.0,641.5
671,505.31,-0.5045779391528041,-0.6409427561436535,50.056497175141246,31.0,728.0,786.0,641.5
672,351.36,0.4235435007406812,0.3009034121484521,62.93785310734464,439.0,254.0,182.0,179.5
673,445.195,0.45332002490548184,0.2763946362609526,60.3954802259887,224.0,160.0,298.0,427.0
674,339.45500000000004,0.40402042961071555,0.2894817843410323,62.93785310734464,465.0,298.0,224.0,179.5
675,324.93,0.38362786375240343,0.27870931830830403,63.10734463276836,497.0,349.0,287.0,153.0
676,360.06,0.43781585260197314,0.3092549484332952,62.824858757062145,420.0,220.0,150.0,222.0
677,497.54,0.11168470104992467,-0.06789753464848569,52.20338983050848,75.0,581.0,596.0,586.0
678,374.585,0.4458824028652537,0.3086519051659775,62.31638418079096,387.0,184.0,156.0,258.5
679,329.805,0.387268693335056,0.27936840431876037,62.93785310734464,486.0,331.0,284.0,179.5
680,508.025,-0.22982295977333,-0.38887942708359324,50.056497175141246,6.0,656.0,695.0,641.5
681,363.65999999999997,0.44202151329008943,0.31114172078563757,62.65536723163842,412.0,203.0,131.0,237.0
682,368.40999999999997,0.44209241976689595,0.308575430172736,62.59887005649718,401.0,202.0,157.0,242.5
683,397.77,0.4794049451909868,0.3267437869640741,61.92090395480227,336.0,65.0,11.0,313.0
684,313.65999999999997,0.3699139864051038,0.27229709444749606,63.333333333333336,522.0,367.0,310.0,83.0
685,338.025,0.4001585560649302,0.28671000366995464,62.93785310734464,468.0,306.0,230.0,179.5
686,483.4,0.3241557790681791,0.13602332671954703,57.34463276836158,125.0,483.0,530.0,528.0
687,428.18,0.48507474672902884,0.31512776089139116,61.186440677966104,266.0,28.0,100.0,380.0
688,402.885,0.4775740115418328,0.3222200867913322,61.80790960451978,323.0,73.0,48.0,321.0
689,283.265,0.3276945288546698,0.2501736378148456,63.389830508474574,589.0,472.0,405.0,53.0
690,458.555,0.428114891822278,0.2457310828639403,59.774011299435024,191.0,246.0,420.0,458.0
691,487.04,0.2678737371750106,0.08206467309113669,55.87570621468927,112.0,541.0,545.0,543.0
692,396.86,0.47806793617049004,0.3260140637461199,62.03389830508475,338.0,70.0,13.0,305.0
693,430.97,0.46614730569126284,0.29611409272437456,61.016949152542374,258.0,105.0,202.0,389.5
694,302.35,0.3550577336639337,0.26485275006721387,63.38983050847458,547.0,417.0,351.0,31.0
695,398.065,0.47550394812575236,0.3229801664951532,61.920903954802256,335.0,84.0,37.0,316.0
696,356.75,0.4295663979243882,0.3034755405470973,62.824858757062145,427.0,242.0,177.0,222.0
697,506.375,-0.11670774203509282,-0.2835727776113258,50.16949152542373,20.0,636.0,658.0,621.5
698,422.3,0.48970978216046746,0.32266317472927386,61.46892655367232,280.0,15.0,43.0,358.5
699,439.935,0.46333586334688615,0.2885524088506453,60.67796610169491,237.0,111.0,225.0,412.5
700,335.32,0.3968615136246087,0.2851659093407631,62.93785310734464,474.0,314.0,237.0,179.5
701,377.26,0.44832266376017216,0.3094219091055631,62.20338983050847,381.0,177.0,147.0,279.5
702,508.505,-0.3270485954021619,-0.4788735645503085,50.05649717514124,2.0,678.0,728.0,658.5
703,465.83,0.40169012027692497,0.2173133256425035,59.2090395480226,172.0,303.0,477.0,478.0
704,413.04,0.48409620597504793,0.3226129697718788,61.63841807909605,301.0,37.0,44.0,342.5
705,454.33,0.43071164679499346,0.2504684459948992,59.88700564971751,201.0,240.0,404.0,444.0
706,507.93,-0.28184016371389753,-0.436832750517527,50.056497175141246,8.0,666.0,712.0,641.5
707,368.855,0.44247533042867687,0.3086822616518447,62.48587570621469,400.0,200.0,155.0,247.0
708,504.595,-0.10591336908718452,-0.27262459422771446,50.16949152542372,35.0,629.0,651.0,625.5
709,376.775,0.44679737770452066,0.30828295710698017,62.20338983050848,382.0,182.0,159.0,268.5
710,355.33,0.4259901182270708,0.3009617900058884,62.824858757062145,430.0,248.0,181.0,222.0
711,447.445,0.4559485628355546,0.27757386898116676,60.16949152542372,219.0,141.0,292.0,432.0
712,293.985,0.35035277572630974,0.2651452231329704,63.33333333333334,566.0,433.0,350.0,73.5
713,461.665,0.40600043834044697,0.22359886955267455,59.60451977401131,182.0,293.0,468.0,465.5
714,499.075,0.01993718524437116,-0.1534205120141514,50.847457627118644,68.0,599.0,616.0,597.0
715,393.045,0.46772200774031847,0.3185796436016019,62.03389830508475,346.0,101.0,81.0,305.0
716,326.40999999999997,0.3889177065405267,0.28277124962872446,63.1638418079096,494.0,326.0,260.0,148.0
717,369.76,0.4436695425249399,0.3092829698048647,62.485875706214685,398.0,190.0,149.0,248.5
718,499.275,0.07495312459384951,-0.10275787221659693,51.29943502824859,67.0,590.0,609.0,593.0
719,382.15,0.4523918841155262,0.3104680403108224,62.20338983050848,370.0,165.0,137.0,268.5
720,460.915,0.409232930895433,0.22699762841261836,59.60451977401131,184.0,281.0,465.0,465.5
721,364.11,0.4425472208761041,0.31137756732968047,62.65536723163842,411.0,199.0,129.0,237.0
722,304.71000000000004,0.3608278039271514,0.2688703142159832,63.333333333333336,542.0,409.0,330.0,83.0
723,491.04,0.23419908942170986,0.04877061343804251,55.08474576271186,100.0,554.0,560.0,556.0
724,486.63,0.29314243617292873,0.10561196566665915,56.55367231638418,115.0,537.0,540.0,539.0
725,496.865,0.12938516306344927,-0.051188040514482,52.542372881355924,79.0,577.0,590.0,584.0
726,299.655,0.35204628507208036,0.26356668586789134,63.33333333333333,553.0,425.0,361.0,96.5
727,440.73,0.4613885431100046,0.28631478557511036,60.62146892655367,235.0,119.0,232.0,416.0
728,462.97,0.40629238878038576,0.22314527360039396,59.49152542372882,179.0,291.0,471.0,470.0
729,453.83,0.42875796996664045,0.24894244880151323,59.83050847457628,202.0,243.0,411.0,448.0
730,306.02,0.36126255129132445,0.2685457333286372,63.2768361581921,539.0,408.0,333.0,107.0
731,300.425,0.34938498021402986,0.2606839872676851,63.33333333333333,551.0,440.0,377.0,96.5
732,498.54,0.07861400792153728,-0.09897206816185011,51.46892655367231,71.0,589.0,607.0,592.0
733,505.48,-0.16692042266301255,-0.32941749283465904,50.112994350282484,29.0,644.0,667.0,628.0
734,325.9,0.3866784358637063,0.2809872223054701,63.050847457627114,495.0,335.0,271.0,159.5
735,451.515,0.43659908761655897,0.2574615295371986,59.943502824858754,208.0,222.0,383.0,442.0
736,399.33,0.47465352317182075,0.3214944500233983,61.92090395480226,332.0,89.0,55.0,314.5
737,480.105,0.34098674635335813,0.1533819826282431,57.96610169491525,134.0,458.0,523.0,516.0
738,429.045,0.48512658343142095,0.31469634852493644,61.12994350282486,264.0,26.0,103.0,384.5
739,498.865,0.10022182359176768,-0.07921057964107447,51.9774011299435,70.0,587.0,602.0,589.5
740,361.03499999999997,0.4410092216375097,0.3116618674953954,62.88135593220339,418.0,210.0,124.0,204.5
741,471.13,0.36816462603932926,0.18343665497219447,58.70056497175142,157.0,376.0,494.0,491.0
742,485.39,0.319358876938092,0.1304937760631767,56.94915254237288,120.0,491.0,534.0,534.0
743,473.245,0.3669376470150886,0.18113248093918233,58.700564971751405,152.0,390.0,499.0,496.0
744,505.665,-0.11233287408623582,-0.2791418982319074,50.16949152542373,28.0,634.0,655.0,621.5
745,324.15999999999997,0.3862891686104539,0.2815920169085104,63.10734463276836,499.0,337.0,263.0,153.0
746,478.985,0.345978282110071,0.158609135983093,58.0225988700565,137.0,446.0,517.0,514.0
747,505.97,-0.47340272955890617,-0.6125372582722786,50.056497175141246,25.0,721.0,775.0,641.5
748,406.935,0.4823053798159638,0.3243427056877175,61.69491525423729,314.0,52.0,24.0,335.0
749,386.78,0.46136168000575156,0.31618089743954264,62.20338983050848,360.0,120.0,95.0,268.5
750,418.61,0.4829337768361419,0.3184541312081137,61.46892655367231,288.0,45.0,82.0,365.5
751,477.93,0.35282617788182413,0.16551348518208925,58.24858757062147,140.0,423.0,516.0,510.5
752,429.5,0.4857950879416693,0.3150612101339135,61.129943502824865,263.0,21.0,101.0,381.5
753,422.73,0.4896643020495468,0.32238296101357955,61.355932203389834,279.0,16.0,47.0,370.0
754,421.83,0.4886128868775176,0.32191126792549374,61.46892655367232,281.0,17.0,52.0,358.5
755,507.15,-0.31644249948940784,-0.4683346099473257,50.056497175141246,15.0,672.0,718.0,641.5
756,437.15,0.4577540701188235,0.2849440734825051,60.790960451977405,243.0,135.0,239.0,396.5
757,467.40999999999997,0.38518387035966295,0.2012045396615194,59.09604519774011,167.0,344.0,485.0,484.5
758,472.405,0.3675997949338655,0.18220896863030844,58.700564971751405,154.0,380.0,497.0,496.0
759,457.395,0.43196405218512,0.24992611569931553,59.83050847457628,194.0,237.0,407.0,448.0
760,410.4,0.4826555235497666,0.3227460712868337,61.69491525423729,306.0,48.0,42.0,335.0
761,323.21500000000003,0.38395258112032044,0.27995918823601607,63.163841807909606,501.0,347.0,279.0,137.0
762,366.555,0.43841882325626574,0.30621287828228755,62.59887005649718,405.0,219.0,172.0,242.5
763,508.185,-0.3238615829580964,-0.4757550194060589,50.056497175141246,5.0,676.0,726.0,641.5
764,487.835,0.2536004013430976,0.06845154051555596,55.48022598870057,109.0,545.0,550.0,546.0
765,490.61,0.2342445695326304,0.049050827153736765,55.14124293785311,101.0,553.0,559.0,554.5
766,425.955,0.48316019342012506,0.3145936034958484,61.24293785310735,271.0,43.0,104.0,375.5
767,435.31,0.45450886438089444,0.2829685667868593,60.79096045197741,247.0,157.0,257.0,393.0
768,388.15999999999997,0.46379558430919815,0.3176625274612769,62.146892655367225,357.0,110.0,88.0,297.5
769,343.08000000000004,0.40894007492000123,0.29201363201804637,62.99435028248588,457.0,282.0,212.0,161.5
770,449.49,0.4403964112770089,0.26208797473902845,60.11299435028249,213.0,212.0,370.0,434.0
771,326.775,0.38701586641456626,0.28081384006888416,63.10734463276836,493.0,333.0,272.0,153.0
772,394.97,0.4733947611902227,0.322748406401131,62.03389830508475,342.0,91.0,41.0,305.0
773,468.225,0.38380773781971667,0.19948297664572162,59.09604519774011,165.0,348.0,489.0,484.5
774,367.045,0.4400869062361509,0.3074808453458047,62.59887005649718,404.0,214.0,165.0,242.5
775,358.205,0.43414225609134255,0.30689239654284634,62.824858757062145,424.0,230.0,167.0,222.0
776,327.16499999999996,0.3858280109097743,0.2795015058337149,63.05084745762712,492.0,339.0,283.0,157.0
777,505.955,-0.11637666807570446,-0.2830345337657628,50.16949152542373,26.0,635.0,657.0,621.5
778,503.605,-0.0848830977053604,-0.2526675398845266,50.282485875706215,41.0,625.0,644.0,616.5
779,406.445,0.48063729683607825,0.3230747386242,61.69491525423729,315.0,61.0,35.0,335.0
780,507.995,-0.3662659128640756,-0.5147841197736992,50.05649717514124,7.0,684.0,745.0,658.5
781,507.15999999999997,-0.2175487808806913,-0.37707250541709336,50.056497175141246,14.0,653.0,688.0,641.5
782,339.95500000000004,0.4059741064390685,0.29100778153441825,62.994350282485875,464.0,294.0,217.0,164.0
783,432.145,0.462726536101122,0.2923061050838019,60.790960451977405,255.0,113.0,209.0,396.5
784,498.45,0.10069569447539017,-0.0785433207305769,51.9774011299435,72.0,586.0,601.0,589.5
785,506.885,-0.4349448768290818,-0.5775519920892535,50.056497175141246,16.0,707.0,764.0,641.5
786,499.4,0.016892969724539797,-0.15641004209346643,50.7909604519774,66.0,600.0,617.0,599.5
787,419.52,0.4842707858566385,0.3191838544260679,61.46892655367231,286.0,33.0,77.0,365.5
788,463.405,0.4063897055936989,0.2229940749496339,59.43502824858757,178.0,289.0,472.0,471.0
789,364.92,0.4410282914119241,0.3095269892489485,62.59887005649718,409.0,209.0,146.0,242.5
790,478.845,0.35430598382655454,0.16637222346497765,58.19209039548022,138.0,418.0,514.0,512.0
791,390.0,0.46704079004712723,0.3196380341569227,62.14689265536723,353.0,102.0,71.0,292.0
792,469.51,0.3835285005627207,0.19851332043370426,58.98305084745763,162.0,350.0,490.0,487.0
793,481.04,0.3430377399950242,0.154756781170869,57.909604519774014,132.0,452.0,521.0,517.0
794,444.5,0.4581232836270404,0.28121256083517404,60.451977401129945,226.0,131.0,268.0,423.0
795,501.8,-0.05015067818855923,-0.219613413225496,50.451977401129945,53.0,619.0,634.0,606.5
796,424.65999999999997,0.4954798524236847,0.32668073887804283,61.41242937853107,275.0,9.0,12.0,368.5
797,469.99,0.38491098969413806,0.1995232573673527,58.983050847457626,161.0,345.0,488.0,488.0
798,448.705,0.4549553409573893,0.27595913744447764,60.22598870056497,216.0,151.0,299.0,430.0
799,287.055,0.3373264726636728,0.25696298263469264,63.33333333333333,581.0,464.0,386.0,96.5
800,410.815,0.48218165266614404,0.32207881237633607,61.69491525423729,305.0,53.0,49.0,335.0
801,336.14,0.3956281780088961,0.2835733613898995,62.93785310734464,472.0,316.0,250.5,179.5
802,348.555,0.41739051981568337,0.29677901652057476,62.88135593220339,445.0,269.0,198.0,204.5
803,308.875,0.36884350145866057,0.27396027960585756,63.2768361581921,533.0,370.0,303.0,107.0
804,479.29,0.3423628788933043,0.15510354564404083,58.0225988700565,136.0,455.0,520.0,514.0
805,401.59000000000003,0.47756765495036135,0.3229317128734812,61.80790960451978,327.0,74.0,38.0,321.0
806,438.08,0.45966226683625555,0.2861898569601965,60.73446327683616,241.0,127.0,233.0,407.0
807,338.53,0.40225502981751693,0.2883650159282748,63.050847457627114,467.0,300.0,226.0,159.5
808,331.65,0.3906566959972188,0.28147292607934044,62.93785310734464,482.0,323.0,265.0,179.5
809,288.03,0.34051984169920946,0.25936990169679286,63.389830508474574,579.0,460.0,381.0,53.0
810,472.765,0.36555515788367093,0.1801225440055335,58.70056497175141,153.0,396.0,501.0,493.0
811,507.87,-0.32053177358979723,-0.4725074591968753,50.05649717514124,9.0,673.0,723.0,658.5
812,466.985,0.39769816298984884,0.2129892777421937,59.152542372881356,169.0,310.0,482.0,481.0
813,506.815,-0.21507575305779514,-0.3745990355975156,50.056497175141246,17.0,652.0,687.0,641.5
814,375.8,0.44360400866898375,0.30587603804487956,62.20338983050847,384.0,191.0,174.0,279.5
815,380.43,0.4525738045592095,0.3115888951736002,62.20338983050847,374.0,164.0,126.0,279.5
816,309.3,0.3686552244235062,0.2735510508252291,63.27683615819209,532.0,371.0,306.0,117.0
817,460.105,0.410751860359613,0.2288482064933503,59.717514124293785,187.0,278.0,464.0,461.0
818,267.15999999999997,0.29915618172355785,0.23275893916301094,63.389830508474574,628.0,530.0,456.0,53.0
819,263.865,0.30366113341370604,0.2387420857716619,63.44632768361582,637.0,513.0,434.0,19.0
820,278.70500000000004,0.320723889903719,0.24626699159520635,63.389830508474574,599.0,489.0,419.0,53.0
821,324.52,0.38424453156025973,0.2795055922837359,63.10734463276836,498.0,346.0,282.0,153.0
822,262.1,0.30255788153928426,0.2387018050500304,63.44632768361582,641.0,518.0,435.0,19.0
823,343.525,0.40932298558178176,0.2921204634971547,62.93785310734464,456.0,280.0,211.0,179.5
824,280.11,0.3238717788283349,0.24839369694161226,63.389830508474574,596.0,484.0,413.0,53.0
825,277.745,0.3179589116408834,0.2442471177279087,63.389830508474574,601.0,495.0,422.0,53.0
826,268.01,0.2987796276532484,0.2319404816017533,63.38983050847458,625.0,532.0,460.0,31.0
827,267.575,0.2986823108399353,0.23209168025251337,63.389830508474574,626.0,533.0,459.0,53.0
828,265.29499999999996,0.2951969913644595,0.23013835714269332,63.38983050847458,633.0,536.0,463.0,31.0
829,280.53999999999996,0.3238262987174134,0.24811348322591728,63.389830508474574,595.0,485.0,414.0,53.0
830,263.395,0.30256423813075617,0.23799017896788177,63.44632768361582,638.0,517.0,437.0,19.0
831,269.31,0.29892878116895394,0.23135787058453883,63.389830508474574,620.0,531.0,462.0,53.0
832,281.0,0.32463760015189597,0.2486073598998289,63.389830508474574,594.0,481.0,412.0,53.0
833,261.55,0.3361542822536868,0.2700121851074382,63.44632768361582,643.0,467.0,328.0,19.0
834,279.62,0.32220369584844927,0.24712572987809472,63.389830508474574,597.0,486.0,416.0,53.0
835,266.76,0.3000584433798815,0.2338132432683111,63.44632768361582,630.0,527.0,451.0,19.0
836,493.53499999999997,0.19452061425911593,0.010769547139855895,54.237288135593225,91.0,564.0,575.0,566.0
837,261.39,0.319258765083172,0.25450819372949396,63.44632768361582,644.0,492.0,393.0,19.0
838,268.14,0.5736646907740133,0.48555607789104577,63.61581920903955,624.0,4.0,4.0,4.0
839,315.78499999999997,0.36897260122933057,0.27025095054435233,63.163841807909606,517.0,369.0,326.0,137.0
840,346.32,0.41519037265831177,0.2959868289951633,62.93785310734464,450.0,273.0,203.0,179.5
841,264.275,0.3030444656058498,0.2379458117962301,63.44632768361582,636.0,516.0,439.0,19.0
842,487.47,0.25550224146905853,0.0704089500753966,55.59322033898305,110.0,544.0,548.0,545.0
843,272.59000000000003,0.30632145430113583,0.23636318808113077,63.38983050847458,612.0,508.0,444.0,31.0
844,269.78999999999996,0.30031127030037125,0.2323678075181873,63.389830508474574,619.0,525.0,458.0,53.0
845,277.25,0.31614803173676426,0.24285013559945695,63.389830508474574,602.0,497.0,423.0,53.0
846,274.9,0.3106635553220148,0.23909060158055667,63.389830508474574,607.0,502.0,433.0,53.0
847,271.655,0.3042704606594697,0.23498838953850487,63.389830508474574,614.0,511.0,449.0,53.0
848,332.075,0.39046841896206363,0.2810636972987113,62.93785310734464,481.0,324.0,270.0,179.5
849,274.435,0.30970945696329855,0.23846770984171084,63.44632768361582,608.0,503.0,436.0,19.0
850,270.725,0.30236226394203736,0.23374260606081315,63.389830508474574,616.0,520.0,452.0,53.0
851,276.79499999999996,0.3154795272265155,0.2424852739904795,63.389830508474574,603.0,498.0,426.0,53.0
852,267.41999999999996,0.5161238868992468,0.4328513806403681,63.559322033898304,627.0,8.0,7.0,7.0
853,281.91499999999996,0.3261174060966263,0.24946609818271728,63.389830508474574,592.0,478.0,410.0,53.0
854,268.93,0.3004022305222133,0.23292823494957654,63.38983050847458,621.0,524.0,454.0,31.0
855,267.03,0.5173117424040388,0.4341637148755374,63.55932203389831,629.0,7.0,6.0,6.0
856,298.78,0.35170885452122047,0.2637400681044773,63.333333333333336,555.0,427.0,359.0,83.0
857,275.845,0.3130001428121482,0.24072343025305099,63.389830508474574,605.0,500.0,430.0,53.0
858,419.05,0.48317389057368865,0.31843194762228777,61.46892655367231,287.0,41.0,84.0,365.5
859,404.15,0.4767235865879012,0.32073437031957736,61.69491525423729,320.0,82.0,62.0,335.0
860,261.19,0.3012208725187876,0.23797208183207624,63.38983050847458,645.0,521.0,438.0,31.0
861,273.47,0.3068016817762294,0.23631882090947903,63.38983050847458,610.0,506.0,445.0,31.0
862,266.27,0.29839036039999683,0.23254527620479432,63.44632768361582,631.0,534.0,457.0,19.0
863,278.235,0.31962699462076904,0.24551508479142628,63.389830508474574,600.0,490.0,421.0,53.0
864,268.22,0.563623425966724,0.4762448096299497,63.61581920903955,623.0,5.0,5.0,4.0
865,264.71500000000003,0.3032845793433966,0.23792362821040425,63.44632768361582,635.0,514.0,440.0,19.0
866,265.805,0.2974362620412806,0.23192238446594843,63.502824858757066,632.0,535.0,461.0,9.0
867,270.25,0.3011225717348538,0.23286168419209896,63.389830508474574,618.0,522.0,455.0,53.0
868,273.91999999999996,0.3073273893622437,0.2365546674535216,63.33333333333333,609.0,505.0,443.0,96.5
869,265.12,0.30252511461130654,0.23699833917003815,63.44632768361582,634.0,519.0,441.0,19.0
870,268.495,0.30030491370890017,0.23307943360033667,63.389830508474574,622.0,526.0,453.0,53.0
871,275.375,0.3119032475291984,0.23997152344927097,63.389830508474574,606.0,501.0,432.0,53.0
872,501.3,-0.717709197148594,-0.8354169126213375,50.056497175141246,55.0,794.0,834.0,641.5
873,262.90999999999997,0.3010389520751043,0.23685122696929845,63.44632768361582,639.0,523.0,442.0,19.0
874,282.365,0.3266431136826414,0.24970194472676058,63.389830508474574,591.0,476.0,409.0,53.0
875,412.21,0.4850439477422922,0.3239474875928733,61.69491525423729,303.0,29.0,28.0,335.0
876,272.12,0.30522455901818585,0.23561128127735076,63.389830508474574,613.0,510.0,448.0,53.0
877,281.485,0.32616288620754774,0.2497463118984123,63.389830508474574,593.0,477.0,408.0,53.0
878,276.315,0.3140970380950982,0.24147533705683102,63.389830508474574,604.0,499.0,428.0,53.0
879,262.44,0.29994205679215447,0.23609932016551843,63.44632768361582,640.0,528.0,446.0,19.0
880,330.72,0.3887484992797864,0.2802271426016487,62.93785310734464,484.0,328.0,276.0,179.5
881,279.175,0.3218207851866688,0.2470188983989864,63.389830508474574,598.0,487.0,417.0,53.0
882,271.185,0.3031735653765198,0.23423648273472486,63.389830508474574,615.0,515.0,450.0,53.0
883,273.02,0.30627597419021524,0.23608297436543652,63.389830508474574,611.0,509.0,447.0,53.0
884,270.49,0.6531052607589505,0.5575686677102196,63.61581920903955,617.0,3.0,3.0,4.0
885,261.71000000000004,0.3037457370440762,0.2400141392851997,63.502824858757066,642.0,512.0,431.0,9.0
SUMMARY,320.3614077212806,0.0784174968837656,-0.008359161897674036,52.50053065849533,,,,
