work_idx,expert_1_raw,expert_2_raw,expert_3_raw,expert_4_raw,expert_5_raw,z_score_score,robust_z_score,percentile_score
0,82,83,83,61,70,1.4906733671528674,1.4448252408592352,1.5226749032615725
1,76,73,75,83,63,1.3539960019743604,1.3084806285939432,1.4143336601693146
2,34,67,70,77,82,0.7936721966778788,0.7156205456488743,0.755409247483944
3,56,52,75,80,88,1.0586739027575713,0.9748513997805783,1.1350264755370845
4,95,36,70,68,65,0.9307213472404674,0.9120561528493543,0.8790429954527589
5,76,56,59,51,68,0.6323081470105112,0.6166952342589738,0.5853471943191257
6,80,57,96,69,82,1.5203907899192601,1.4493532907130642,1.626690322012547
7,70,73,71,70,95,1.4215768019951587,1.3313724361883004,1.5722814360005324
8,75,70,71,64,94,1.372433350023013,1.2907772114570983,1.4775807573829811
9,91,60,60,43,68,0.8052787046249115,0.7973455565523555,0.6978769219857547
10,56,78,70,87,78,1.2933262115613249,1.2150896003587222,1.3887952740912897
11,63,39,72,79,80,0.8527535370311972,0.7907421505155217,0.8385296987694213
12,60,65,67,54,80,0.7972057874281738,0.7483860175078305,0.7568913605165098
13,84,70,66,57,78,1.1783820374503353,1.1343393779654403,1.104026640350972
14,69,85,68,65,61,1.1003400107616221,1.0706007873146683,1.1196495341353638
15,66,67,55,62,76,0.7958817389315378,0.7537316319186007,0.772563743884406
16,77,66,69,53,82,1.0714143073747944,1.0221129201299175,1.0505698138914137
17,56,58,67,71,55,0.5775677338705832,0.5601575006674158,0.5332924679242804
18,46,58,65,72,77,0.666593895918426,0.6089598157586826,0.5900580715444418
19,77,75,61,70,50,0.9294402202728754,0.9229989399961072,0.917090483874539
20,76,81,69,78,64,1.3332209440201146,1.2901168708534148,1.3136194779678916
21,44,72,71,80,78,0.992817293689218,0.9192570099085682,0.9913837530008568
22,91,78,68,80,66,1.5258448703373293,1.4821502073626722,1.4470753689348306
23,89,67,60,63,47,0.8649712499588045,0.8748884102991752,0.7936539418773831
24,95,68,64,71,44,1.0654039484373787,1.073179260148099,1.0226454621106587
25,62,64,50,76,96,1.012516284319646,0.9268037596649495,1.2913696291839032
26,45,80,80,83,68,1.1475555119491063,1.082424028599666,1.21276889009739
27,73,95,67,78,42,1.2080272212545358,1.198958422754457,1.3487604577396106
28,54,56,63,63,81,0.6645913922170449,0.6104062761286558,0.6284084816601807
29,70,82,80,78,80,1.5778347235523997,1.500230961987336,1.5967142476611043
30,75,62,60,91,83,1.315431314456839,1.239019086044582,1.3865738972870958
31,58,66,45,83,50,0.5053652964585631,0.4950038944373222,0.5683513123223243
32,49,70,47,77,75,0.6629087225301099,0.6097459355249724,0.610322518506662
33,53,75,75,74,90,1.2628274342783208,1.1721674611193027,1.3512125881800858
34,86,50,57,58,75,0.817560753410984,0.7890755766109875,0.7246262595873055
35,85,71,85,85,61,1.5765367555255267,1.5307638537100297,1.684405240298388
36,66,69,70,73,45,0.802128225386291,0.7975656700869165,0.7962190749505579
37,61,58,85,52,58,0.6928933242436817,0.6781697999828313,0.761793022021094
38,60,53,80,78,85,1.1334814671562898,1.0546582784543126,1.153344230195787
39,62,49,58,63,54,0.3292721782483559,0.32834650398389775,0.3121522925270234
40,49,59,75,62,85,0.8204052543456708,0.7525052850831888,0.8300950252898744
41,85,66,69,74,76,1.3480315832184675,1.2939845801035603,1.2437792314813234
42,54,63,59,50,55,0.2774132561832031,0.2784750660104768,0.26311954761160916
43,95,63,58,85,40,1.0396394024034694,1.0475832005577048,1.093035650456148
44,68,67,49,70,88,0.9643402411629094,0.8980632210093967,0.9964705542529735
45,54,56,72,60,42,0.32693171334426296,0.3389119536428319,0.33157373231726606
46,50,70,71,68,60,0.719993236725814,0.6892698110828424,0.6959212686388637
47,74,94,76,83,76,1.7441284587330592,1.6682090336481274,1.8029813116433986
48,84,39,80,47,79,0.8651566940521238,0.8310858169215111,0.8302534085256663
49,95,65,45,32,75,0.6826847917647925,0.6774780145884962,0.6501051026049345
50,66,67,82,65,76,1.173013087259358,1.115975620224912,1.1970282989963785
51,70,40,67,59,74,0.6067581663493052,0.5746221043671469,0.5654142026728612
52,48,65,76,68,53,0.618946477554992,0.5993377098192962,0.6089163575379307
53,60,72,71,71,60,0.9115766001831807,0.8798252424314749,0.8921148164769054
54,55,77,45,54,90,0.7092532951717043,0.6482343592825179,0.8174579876679354
55,76,78,74,81,70,1.4570173302690024,1.3997334110648558,1.4686218154539483
56,34,82,62,72,58,0.567216539163297,0.5337438765200806,0.5590007513595566
57,75,73,84,26,85,1.054275909978438,1.011736139214893,1.1657665044485839
58,73,53,68,58,58,0.6401014929160617,0.6325119639567233,0.6237229584646533
59,51,61,74,77,53,0.6835876175829101,0.6596173734983933,0.6702749277579751
60,63,62,50,61,73,0.586051412636696,0.5532710915147175,0.5397690812468401
61,50,94,62,86,56,1.065923149670369,1.0240310523596645,1.1734583311285705
62,53,62,59,80,75,0.801564832021039,0.7438894124446532,0.7466060241170462
63,68,62,54,65,76,0.7803037140083501,0.7382607949180189,0.7346123443784311
64,80,64,76,80,93,1.5950547874450347,1.502998103564676,1.6790193322604146
65,60,75,82,55,95,1.2862116405056827,1.2002476591711722,1.512382993920753
66,72,86,71,42,68,1.0090245651546959,0.9844106161386614,1.0609471900900327
67,62,65,75,77,57,0.9357730898084657,0.9052955228592623,0.9192254382894998
68,94,37,54,76,65,0.8158349359185033,0.7976285596682199,0.706976401641278
69,39,80,66,74,65,0.7568691816601281,0.7094259218905112,0.7148779010336292
70,69,73,53,82,72,1.066456503005647,1.0148177286987488,1.0870375930720413
71,61,68,52,83,82,1.0030048722753395,0.9336272792363445,1.0456697111887618
72,48,61,60,61,88,0.6624410857137397,0.5961932307541373,0.7020574247094757
73,75,64,62,61,85,1.052203195376325,0.9947559522630346,1.0430582462223348
74,68,45,93,43,75,0.8059063948564124,0.7707747084517623,0.8803414732180419
75,71,83,56,56,50,0.7303363299414796,0.7335755211109319,0.8042558261858306
76,64,55,60,62,45,0.349056339165868,0.3621182091437049,0.3422696379992919
77,55,48,70,44,44,0.05665801617354253,0.08172501090348114,0.07137330164492343
78,40,64,57,77,80,0.6487110630624906,0.5823575228674379,0.5906477530951589
79,54,70,66,60,58,0.5986187497838266,0.5809110624974648,0.5814324377123663
80,55,70,62,48,53,0.37319453828874416,0.37585958265844954,0.39681429868492374
81,60,43,62,72,80,0.6577576905245017,0.6040544284170346,0.6003341612302333
82,73,30,62,59,80,0.5214803800266269,0.4850987853820715,0.5055313836065481
83,63,73,70,67,91,1.2393716721205028,1.157577078256965,1.3282064657590962
84,41,31,61,80,90,0.43825493587279823,0.361269199796112,0.5472094437185884
85,50,83,69,62,70,0.8985162376901175,0.8518393787515601,0.9019769369070125
86,58,57,44,68,85,0.5873667804628538,0.531479851593166,0.568415951284557
87,50,72,62,63,68,0.6606340105365734,0.623487309039717,0.627167375903305
88,91,37,62,47,69,0.5965659234195192,0.5903130549022901,0.5188782860745853
89,45,74,52,82,78,0.8118517809221268,0.7450214249081105,0.8338061317593051
90,54,70,91,81,70,1.2803163834677518,1.2133286920822333,1.323887788964916
91,66,68,43,82,50,0.6002125723001324,0.592545635038553,0.6594317192365269
92,66,73,69,68,62,0.9663729694960356,0.9353567427221818,0.940563932292714
93,48,59,66,55,54,0.28156126721124297,0.2772172743844132,0.2705741820382259
94,63,50,67,73,84,0.9035063781019307,0.8380351156555124,0.8641678873606704
95,68,53,68,52,60,0.5280713080007042,0.5207886227716256,0.5215383999318887
96,66,73,62,78,75,1.1286226922391163,1.070192005036198,1.1012054340318151
97,63,54,73,51,86,0.8057873294048953,0.7503670393188808,0.8712827072303233
98,40,51,50,82,62,0.2585988317362468,0.2270942780857795,0.2754453148880137
99,60,65,48,66,86,0.7539568703880601,0.6938607505179744,0.7622460317053423
100,68,66,42,76,85,0.8975295738998493,0.8352365292875209,0.9080331203158588
101,58,70,49,61,68,0.5539521025759286,0.5267002434141245,0.5169014775106074
102,87,44,63,80,60,0.9165401662209749,0.8959564200357402,0.8607476517658037
103,83,47,53,63,72,0.7127064012964027,0.6876661267596113,0.6256347461821291
104,51,41,67,55,63,0.20410909013543024,0.19014664907016182,0.18964013497605609
105,65,71,64,50,76,0.8133615792462162,0.7751455343523332,0.8122222597092124
106,78,60,68,86,64,1.1720636489226086,1.130314444762037,1.210801364854339
107,70,76,49,70,61,0.8143984763225705,0.7925973931639655,0.7918686185783852
108,49,74,59,50,68,0.4890423272045751,0.4628358736007462,0.46597491192697393
109,68,71,61,68,91,1.1772665178217783,1.1005047832243302,1.2644720178778643
110,66,70,81,50,75,1.0196611391326722,0.9758576330814293,1.054060168064565
111,82,37,73,58,68,0.729191018945049,0.7089542500307374,0.6774913550339633
112,62,40,45,51,65,0.03446038084927816,0.03295414060286582,0.025915197943264356
113,62,63,65,62,82,0.8840357138912399,0.8273124420433204,0.8413704210739962
114,86,59,61,55,53,0.7120900279356386,0.7195196996896713,0.6632393414139572
115,65,69,73,73,87,1.2778827311202443,1.1985810852666379,1.323174156790192
116,79,39,70,50,61,0.5117709322177877,0.5102546179033431,0.4929382701185364
117,72,63,53,84,47,0.7343832438480357,0.7285757993973292,0.8062443320319129
118,65,60,60,72,65,0.75177640859642,0.7205573777811739,0.6850317537272034
119,61,69,66,73,94,1.2107990713239427,1.1217300169141529,1.2816375837245766
120,59,65,49,63,72,0.5695748991621843,0.5355991191685243,0.5115339707156543
121,76,51,68,45,82,0.7671033040589086,0.7293933639542706,0.7394597623527721
122,55,54,75,47,70,0.5084771662252823,0.4815769688290935,0.5003482722480023
123,72,82,57,80,53,1.0442280520953016,1.0230877086401167,1.0906317352306218
124,65,55,58,73,75,0.7818921613855536,0.735021981480905,0.7196795221102212
125,68,70,68,68,46,0.7706875929016231,0.7693911376630924,0.7568658151088774
126,45,55,76,66,73,0.645510361961313,0.5953442214065443,0.6092100369519639
127,55,63,70,64,59,0.6301124395730128,0.6081108064110898,0.5995252532420802
128,83,65,60,37,66,0.6734079495322238,0.6704972710638434,0.6016104798851056
129,41,48,75,72,68,0.5048879610224188,0.4605718486738318,0.46138545009160137
130,41,56,68,75,85,0.7325667540619825,0.6568502319210535,0.7252380359268721
131,43,43,70,71,81,0.5332484697109778,0.47145174623928165,0.49173375880478
132,51,55,80,83,86,1.1057087759454038,1.0186539931582428,1.2169210163351916
133,83,41,79,55,69,0.8464013660968236,0.8229416161427492,0.7946296245804689
134,56,70,45,69,57,0.44781419817269513,0.43475567554887673,0.424237896133436
135,54,66,53,74,84,0.8184104144463223,0.7515304965729896,0.7932039208191203
136,76,47,57,60,54,0.44384267237357866,0.4492831688299111,0.4280008588588423
137,54,67,51,83,72,0.7773322033775767,0.7247395349378353,0.8009460434124929
138,52,56,59,41,67,0.19091590996677704,0.18017865043360798,0.15626721474244146
139,56,48,57,40,78,0.2247823227182894,0.20005175812541257,0.20162914529547252
140,39,51,78,51,72,0.36247374876049804,0.3252334697093905,0.34362546970967367
141,67,43,70,82,40,0.5349548747616206,0.5406302856727786,0.5932781291295808
142,51,74,46,70,54,0.423447030864095,0.41202109190777747,0.4109858180076376
143,59,62,60,53,88,0.7317639007987138,0.6738304188729118,0.779252887549424
144,74,53,70,41,59,0.49955264901623,0.5031166504254324,0.49938002497179
145,46,60,80,72,87,0.9900136884172591,0.9073708790422671,1.019551163820419
146,46,49,80,67,89,0.8170852193078563,0.7385752428245348,0.882067280532301
147,55,73,57,84,75,0.9859068307604932,0.9227473816708945,1.035883009443909
148,60,53,71,53,86,0.7502394373267725,0.6938607505179744,0.8079363448718022
149,63,69,60,69,48,0.6225031978892325,0.6199340476960875,0.5931003262750629
150,35,61,52,80,78,0.4929368601259805,0.4299446225791835,0.4560265230013865
151,55,76,50,50,60,0.39353430611739554,0.3859848052482614,0.40888117839318294
152,76,71,55,63,75,0.9795582327748399,0.9390672280190694,0.9425158220111193
153,41,78,59,73,72,0.733144168136427,0.6786100270519535,0.6872339483818208
154,31,64,77,71,45,0.3408619681220893,0.3291955133314907,0.32123145871818576
155,52,74,60,55,48,0.38282003147226196,0.3875884895714924,0.40428664753810617
156,36,70,67,83,48,0.5219250039941687,0.49909171722202883,0.5823708971612002
157,90,66,64,77,47,1.0730583114701806,1.0704435633614104,0.9844752626237601
158,70,67,63,81,88,1.2920309457581696,1.210875998411409,1.3859212793754707
159,47,80,56,82,73,0.9112048071569813,0.8496696881966004,0.9325495336775591
160,64,61,62,60,69,0.6853393942843278,0.6553094371791256,0.6387277707143774
161,60,55,80,45,55,0.46775321387394725,0.4669551411761043,0.49911175139438485
162,64,58,47,60,80,0.5747596448649096,0.5334923181948679,0.5315358120500772
163,65,64,80,60,84,1.1264893968569256,1.0612302397004947,1.1402851168978418
164,64,33,60,53,50,0.025112016395388393,0.043896927749618994,0.06155687205418157
165,58,80,57,71,56,0.7646360059664408,0.7432919614222732,0.7523931160699788
166,53,43,71,47,78,0.3783698986660012,0.34259099414906785,0.369375394854053
167,42,80,57,82,63,0.7501489113752136,0.7045519793395149,0.7936323171135049
168,65,65,60,49,54,0.43956320883309524,0.4442834471163083,0.4452100358085794
169,51,61,74,80,63,0.8244693972323054,0.780679817507013,0.813606481838568
170,42,68,48,78,76,0.5793570954202709,0.5224237518855083,0.5388723395027344
171,70,46,54,44,68,0.28479700850394557,0.27916685140481173,0.26746747466489
172,65,44,61,83,47,0.4927623418661913,0.4888721602602623,0.5625120788859119
173,48,61,64,71,71,0.642629768642783,0.5961303411728341,0.5662605447946253
174,66,62,85,53,45,0.6813183735632495,0.6881377986193852,0.7733109655159801
175,53,33,80,58,54,0.2323041153463487,0.22863507282770743,0.27284903766164137
176,39,76,57,80,84,0.8629981843994632,0.7831325111778371,0.8852725007456123
177,54,66,54,81,80,0.866441252332655,0.8004585908268629,0.8597284759183014
178,58,52,68,53,54,0.3293816870213104,0.33004452267908363,0.32831395970112276
179,68,71,68,58,52,0.735910757090864,0.7318460576250945,0.7556251985907888
180,60,43,70,79,73,0.7626649601510154,0.7118471707706835,0.7188917562710901
181,53,68,54,79,75,0.8023083376299764,0.7457760998837486,0.7522657895417824
182,32,70,47,80,70,0.41689465926365965,0.3665833694162306,0.3915068705085345
183,60,61,54,70,51,0.4489363689370706,0.44513245646390126,0.41490018232590514
184,52,68,82,61,85,1.051494236488551,0.9788134434026787,1.1186813772740016
185,39,60,53,71,75,0.4134131219746299,0.36353322472302646,0.33195456081000485
186,41,80,70,70,82,0.9721272430864994,0.8968368741739848,0.9524924672095189
187,52,61,65,64,83,0.7590760372158372,0.6976341253961651,0.7225381940887572
188,33,61,82,40,63,0.24000572867194858,0.22089965432741643,0.280566393109815
189,71,56,35,70,55,0.3332789594154476,0.33517002355529274,0.32469459547928253
190,60,44,53,50,72,0.22402709249479763,0.20571182044269865,0.1943940153783537
191,40,57,47,81,73,0.4028773681335339,0.3524332136230154,0.3880061120306805
192,62,57,71,78,86,1.1066239697552445,1.0293137771891314,1.135502026485859
193,79,63,77,92,60,1.361785472203049,1.3172537251857368,1.509709439383091
194,36,71,75,75,95,1.0514392841588769,0.9491295610275781,1.207503459448463
195,76,24,71,47,51,0.15487868968615484,0.17703417136844898,0.1988143065899028
196,46,62,56,80,70,0.6167064510074292,0.5677042504237972,0.5767710131383579
197,34,52,80,55,70,0.3573253155776701,0.31809550223147964,0.3414432056892359
198,53,53,83,80,50,0.7252883144347966,0.7030111845975868,0.7919697218033113
199,62,57,70,92,43,0.7887884184694265,0.7756172062121072,0.9641541606851352
200,40,46,44,81,78,0.2798647204995294,0.22571070729710957,0.2750261836105934
201,94,52,68,77,75,1.3013994815784724,1.2535780241162677,1.1609533331158661
202,47,65,62,77,55,0.5495674794867014,0.5255367861600156,0.5264984279034705
203,54,53,60,78,74,0.6811611453758651,0.6295247088448221,0.6153577815214312
204,52,64,69,82,55,0.7483788095495786,0.7184505768075173,0.7711404290795667
205,67,65,60,50,58,0.520253676384065,0.5176126989158151,0.5161455614205928
206,62,72,54,58,83,0.8234009130435735,0.770271591801337,0.8218104587401424
207,40,43,66,70,88,0.5064512572466128,0.434504117223664,0.5310597989263568
208,65,88,84,60,50,1.1146101560103385,1.098838209319796,1.2348737353599555
209,56,65,55,72,52,0.49197301455049375,0.48223730943277693,0.4662577292192408
210,78,43,68,79,43,0.6543276080002907,0.6603406036833799,0.6276467274481163
211,66,56,75,81,42,0.7592822539296225,0.7554925401950897,0.808563913802249
212,67,45,67,30,67,0.23055778615834993,0.23159088314895682,0.21653418782959535
213,63,64,80,66,72,1.0381645232204886,0.9885927732953229,0.9971390476589468
214,58,55,44,65,76,0.43203633476070447,0.3948836810026612,0.38376522878806957
215,72,52,67,42,53,0.3689787045320113,0.3835006667867858,0.376206640356852
216,64,64,49,52,75,0.5326655121503286,0.5036197670758578,0.4992815098298057
217,60,51,79,48,61,0.5026027222162014,0.4907274029087061,0.4992598300466633
218,39,57,62,67,84,0.5420730902829336,0.47654580232483923,0.507143936203323
219,70,53,68,53,78,0.7590496421605076,0.7200228163400968,0.7318884452254908
220,56,46,92,62,76,0.8694448790804501,0.8150489736892004,0.8985840795076516
221,56,66,66,70,46,0.5577845386614733,0.5546861070940391,0.5277216558994093
222,49,78,72,80,44,0.7825421424419297,0.7667812200390105,0.8220607848688122
223,86,66,60,64,72,1.0920684874444553,1.0573625304503493,0.9934811212778648
224,42,51,63,77,54,0.30884061656548895,0.28966941148244263,0.2936872143182766
225,35,50,54,85,86,0.5216468620644387,0.4434029929780639,0.6268289950667016
226,59,49,42,48,50,-0.1248073497934219,-0.09996298948140307,-0.1126593889442002
227,43,40,69,82,55,0.32659675387700915,0.30271899960285226,0.3731227839132452
228,59,64,67,65,47,0.5400328508406453,0.5400013898597469,0.5049830143981329
229,62,75,52,52,50,0.41440789822810575,0.42349844049560764,0.4555458616707673
230,48,60,46,55,62,0.12551473472175112,0.1161570566669717,0.10218918907959655
231,45,41,41,75,91,0.31764806093214754,0.24970308256427237,0.4071209082676755
232,41,75,68,58,83,0.7603183855070597,0.6954644348412055,0.7687828368788345
233,60,64,67,61,45,0.48713873890612075,0.4939976611364714,0.4629354564111079
234,72,43,59,30,69,0.1914704127681822,0.19439169580812646,0.17675659299385615
235,47,61,54,55,45,0.044134255570120254,0.060153884516490744,0.04782899725044225
236,47,51,68,54,78,0.4394508398604705,0.3956069111876478,0.40049668104879627
237,51,70,47,79,80,0.7655118055294059,0.7024451783658583,0.7294466218039778
238,56,53,52,78,75,0.6166624741516111,0.5673898025172813,0.5694587925815359
239,68,50,78,91,46,0.9031996515146646,0.8854224151674577,1.0326504592461367
240,50,44,51,63,80,0.2968986019347205,0.2531305647452956,0.2624899314323595
241,33,10,35,20,20,-1.6854427890335142,-1.5751638981100737,-1.7494139370952688
242,47,38,46,52,67,-0.1446496356772184,-0.15329335442649888,-0.15745593977388808
243,60,32,50,35,50,-0.369084715076935,-0.3317425413742695,-0.32853527433312946
244,65,52,26,44,48,-0.27710657427583507,-0.23794273086057793,-0.21899057356258975
245,45,33,47,55,32,-0.5636422386140113,-0.5129588698993798,-0.5236671430329993
246,20,40,43,43,28,-1.0356423250099458,-0.9739080560610308,-1.024766354479217
247,58,53,53,64,75,0.49947288725390493,0.46135796844012145,0.4499289341300923
248,69,33,42,53,68,0.055707183390228086,0.05248135559750296,0.06284573257575236
249,46,45,45,44,72,-0.1182677505741431,-0.13125055617973466,-0.14162005283513934
250,20,35,37,20,52,-1.1744085476623383,-1.1316351259694037,-1.1794422194880414
251,50,25,56,30,31,-0.7735893819809165,-0.7016590585995687,-0.7162537673042687
252,60,34,42,49,54,-0.24627988937892914,-0.22407557818322693,-0.21367294549763188
253,40,47,44,44,28,-0.6578633132486205,-0.5956272245224087,-0.6311656549037685
254,32,29,58,68,73,-0.06131165344628993,-0.09886242180859746,-0.11529936986863967
255,34,50,42,80,63,0.052859630979764226,0.024023820057814428,0.032818282554976944
256,42,51,26,40,39,-0.7366160874433344,-0.6829179633712211,-0.6787330760704393
257,55,64,61,77,48,0.5553991728678904,0.5459759000835489,0.5303120771726487
258,27,46,52,50,74,-0.180505154875075,-0.20920219220502503,-0.21557399569769897
259,45,56,52,50,82,0.270450977703654,0.22819484575858517,0.2574656271192922
260,34,34,22,20,25,-1.4817158279756648,-1.38180988039345,-1.4161178931100977
261,52,46,37,61,31,-0.3778695931073145,-0.3284722831465042,-0.3579011943693213
262,42,30,50,20,20,-1.1231399580142907,-1.0245341690100898,-1.1454223990216452
263,44,46,31,47,52,-0.49157490096616907,-0.4663891349443759,-0.4531755579061191
264,29,43,35,70,60,-0.33477913576559326,-0.3458612523768332,-0.3757368910954353
265,44,45,25,23,52,-0.8487882068746302,-0.8012761553838041,-0.789339968217423
266,46,49,62,51,46,-0.05242287668650765,-0.034903717623264365,-0.03862865330067664
267,32,27,46,36,38,-0.9726136464507444,-0.9173703224694728,-0.9336524264094059
268,41,33,73,56,78,0.21906409230523766,0.17599649327694658,0.2347653393529463
269,35,20,20,22,20,-1.7014841784524435,-1.5887480476715605,-1.7235793945864657
270,50,46,64,42,50,-0.06926034168897907,-0.050626112949059145,-0.055614457068283274
271,30,45,46,60,55,-0.32177649524419055,-0.32168020836576083,-0.3324404985028798
272,49,53,52,56,78,0.3099495422587252,0.2716515464390819,0.2806427430055521
273,65,54,42,82,53,0.43012001133010785,0.4220834249162861,0.48368684396508543
274,32,53,50,34,52,-0.4663922237804785,-0.44431489190696,-0.44379929609166646
275,55,38,33,35,48,-0.5977766521547518,-0.5520761894699573,-0.5441446506740365
276,53,69,54,49,40,0.10384739293944341,0.13197378636472124,0.11445572720568045
277,40,65,51,79,61,0.40334112980692965,0.37092275052615,0.3758310548182441
278,35,40,70,86,45,0.17039196554203895,0.15863896883726913,0.27689229895460754
279,62,39,51,50,75,0.19439445340399844,0.1738268027219869,0.17501588002641774
280,44,45,52,54,63,-0.04059603544726083,-0.04955699006690508,-0.04806184738770756
281,30,25,46,33,24,-1.2081916394853707,-1.1259121740708142,-1.1494718241396686
282,28,63,46,45,53,-0.31083439422402337,-0.30155554234874354,-0.31397800803305487
283,50,26,54,49,45,-0.4237838767277335,-0.3908587477992577,-0.38846568655887076
284,60,67,43,36,51,0.004458414970697144,0.031004563582467247,0.03270134394680071
285,39,32,49,70,84,0.09537637727954876,0.04166434761335611,0.07478741840472632
286,60,44,74,44,52,0.20950645695080072,0.22111976786197748,0.23624605023100648
287,40,48,60,35,66,-0.13433360135450761,-0.13879730593611614,-0.15187810735498636
288,61,32,54,33,63,-0.1876971630723581,-0.17304068295569713,-0.16753280278553517
289,55,38,44,66,38,-0.21862993683476145,-0.18542993047242343,-0.2238443326873199
290,48,66,53,58,50,0.19486138243092266,0.19879396649934894,0.20079339937438742
291,40,28,24,27,20,-1.4275245974214474,-1.3222534468993394,-1.3795817017869176
292,55,35,31,20,55,-0.7535262138772492,-0.7060927740814427,-0.7256555661089716
293,39,82,61,74,46,0.5144613230837164,0.5017645244274139,0.5256216190651365
294,58,48,62,60,82,0.5814796466647045,0.5318571890809851,0.5493779541688859
295,42,20,22,27,20,-1.5271370498585028,-1.4179085000614748,-1.4993521397645515
296,43,33,45,45,39,-0.6523009999258489,-0.6052807752524467,-0.6098232867822893
297,51,57,54,62,62,0.30765063103801604,0.2905813104113388,0.27500796622715
298,37,48,27,75,51,-0.30805873202910933,-0.30378812248500636,-0.2920321951673516
299,65,32,57,74,52,0.24383217338553315,0.2442316889908958,0.2477118095693033
300,20,25,25,23,35,-1.6019954640996434,-1.5231856591629964,-1.5479405799363744
301,38,25,22,23,60,-1.1326420509420836,-1.0923291376549167,-1.0690441529546904
302,58,60,57,68,38,0.28604030872100494,0.3050144693204183,0.2396600528229408
303,35,54,38,40,31,-0.7250159381181929,-0.6653403253969827,-0.688929579031125
304,54,44,60,51,80,0.3304446880587911,0.29293966971020796,0.30586285994365353
305,29,20,20,20,24,-1.7606202514332765,-1.6544676601333825,-1.777955315536813
306,62,31,41,40,62,-0.28492883371602645,-0.2675951684450268,-0.26392184110675554
307,51,59,33,46,35,-0.40309394998640935,-0.35126975636890656,-0.3877492594171957
308,37,51,68,51,77,0.26231614245585755,0.22058520642090054,0.22371598031870735
309,37,55,49,70,39,-0.12465466747138276,-0.10794996630690679,-0.1630240980806028
310,65,31,55,48,59,-0.009689320836797905,0.0005974510223801966,0.011610442701305335
311,40,50,39,69,65,-0.007083752720625114,-0.02798586367991468,-0.065804443404889
312,46,28,27,30,54,-0.9111089867039718,-0.867624663658658,-0.8279880213797999
313,54,38,61,44,47,-0.16487434555820496,-0.13779107263526527,-0.14439902438095903
314,40,48,56,51,72,0.05801635562101204,0.0321365760459245,0.03264794531352015
315,76,54,78,33,52,0.4759584672333306,0.4945007777868968,0.5074302830023807
316,58,38,28,40,40,-0.6515358975808627,-0.5929858621076752,-0.5911031746407968
317,32,60,55,71,47,0.0452825133786013,0.041821571566614056,0.005982686755787348
318,45,60,37,49,79,0.08654789167884032,0.05594028256917778,0.058596030239258544
319,40,66,33,47,30,-0.5036013233091504,-0.4484027146916666,-0.45786971892776085
320,54,30,39,27,35,-0.8644174020427761,-0.790018920330535,-0.8219691084950741
321,48,47,52,38,42,-0.36654198851160513,-0.325956699894377,-0.3505708858268607
322,41,53,38,43,36,-0.5706802256035357,-0.5205685092370645,-0.5455407344550915
323,42,37,58,83,39,-0.02502935389216463,-0.01597395365100751,0.048769213790532784
324,62,35,44,44,48,-0.3019610411194817,-0.26614870807505375,-0.26938314681445547
325,63,51,48,46,72,0.24368901532418227,0.229201079059436,0.21443376993828914
326,62,32,63,40,45,-0.17486070906884807,-0.1384199684482971,-0.1410702829334673
327,75,33,38,47,72,0.060396480574586485,0.05807852833348588,0.0529245121149994
328,23,40,35,45,61,-0.7209836822611003,-0.7140168613256431,-0.689743145932815
329,39,50,44,40,25,-0.7102903115544492,-0.6408133886887428,-0.6835331515367207
330,31,25,20,35,49,-1.2350504501321466,-1.1856887210994862,-1.1873583805571302
331,47,23,24,20,20,-1.475721174021863,-1.3617795487483875,-1.4654986217492922
332,53,30,34,25,20,-1.1247115741229572,-1.020477791016035,-1.099359573742716
333,56,58,37,40,50,-0.2043929124036851,-0.17439280895371548,-0.179424481330142
334,48,42,61,52,78,0.22797517273314893,0.192127670881212,0.20845420687802493
335,58,65,81,50,44,0.5176288418695041,0.5278322558775816,0.5622188042554516
336,42,40,63,42,78,0.03674575998196887,0.007420970593775156,0.027243638986111308
337,62,41,32,43,58,-0.2829500339463086,-0.2601741978512517,-0.25722344327985247
338,52,44,33,23,49,-0.685484441424577,-0.6344929857677734,-0.6425278999316213
339,63,55,37,51,49,-0.03694100194997611,-0.011603127750436548,-0.009401342438356487
340,25,20,25,20,20,-1.7930769928480654,-1.683082419626329,-1.815145738833337
341,35,22,56,55,66,-0.3555006095593032,-0.3666148142068823,-0.35131716885478925
342,43,33,52,50,66,-0.21749030057111965,-0.2247359187869103,-0.21279465838679848
343,40,50,28,25,61,-0.6818293164837723,-0.6554352163417319,-0.6489139285539361
344,35,40,28,40,42,-0.9104757451491345,-0.8607382545059599,-0.8565722592193395
345,42,30,33,55,62,-0.4973939937247196,-0.49211097369737605,-0.46677774094518976
346,40,32,50,25,38,-0.8754136573689657,-0.8132251758314082,-0.8324020521399772
347,31,48,43,71,62,-0.11079275117821581,-0.13109333222647673,-0.15987109650020864
348,40,39,50,34,61,-0.4397699538883491,-0.427146036211192,-0.4271007479036656
349,46,66,40,32,55,-0.23409574807876338,-0.21244100564213877,-0.19902439753210943
350,72,30,56,35,47,-0.19067779496919623,-0.14779051606247076,-0.14720329941637317
351,35,40,43,73,53,-0.2326382802005426,-0.2354271476084508,-0.2441102837676344
352,50,61,49,65,66,0.35757443014364065,0.331931210118179,0.299434549306198
353,58,38,22,28,38,-0.8834939278844083,-0.8090744634653984,-0.8121957172586187
354,0,25,20,20,25,-2.0722396038886397,-1.9753617487328536,-1.9875259198456998
355,53,28,77,37,48,-0.16797443955032634,-0.1413443339788949,-0.11656212827830179
356,70,39,60,46,52,0.1236078055680482,0.14376558285906732,0.14968211648460503
357,40,42,50,46,72,-0.14977814562184566,-0.16690894877863718,-0.16588760267283637
358,39,38,57,58,65,-0.0653615723047057,-0.08203945880999707,-0.09173901658605832
359,60,30,20,31,50,-0.8207549054422346,-0.7656806523662049,-0.7708631263639955
360,33,40,33,61,46,-0.5957472718850971,-0.5725153033934903,-0.5694695596343337
361,30,43,48,20,62,-0.6934750819195574,-0.6737989740822603,-0.7345995867345433
362,44,32,20,40,38,-1.0363761267160274,-0.9715182519715098,-1.0016146960445682
363,41,25,52,30,25,-1.00848177337947,-0.926080529479963,-0.9290172306924831
364,51,56,51,51,80,0.3271531245687777,0.289260629203972,0.30835131523962167
365,70,48,48,50,51,0.11819959864569114,0.13948909133045112,0.13642872119877833
366,35,32,20,27,60,-1.0651003526827048,-1.0299741177928148,-1.038176811347998
367,54,50,60,38,63,0.07819183777389634,0.07873775579158016,0.05616917171489415
368,52,48,59,55,67,0.24667060496382698,0.22734583641099224,0.2037352465945093
369,48,61,52,55,78,0.38621917446705173,0.3458926971674847,0.3536771921367603
370,52,65,41,35,70,0.04031429409719376,0.03452638013544529,0.023922455866081816
371,55,66,26,55,33,-0.271755792947854,-0.22190588762826727,-0.2159411558607757
372,37,60,56,52,81,0.27704887010785556,0.23014442277898373,0.24948958641543592
373,54,48,61,56,85,0.5031006461478965,0.4511069666877033,0.5216183968233279
374,53,35,67,40,33,-0.33458008755833113,-0.28190254819150007,-0.3103273735342795
375,62,59,72,38,48,0.28949841423183476,0.30929096084903446,0.3073769780911781
376,60,32,44,55,70,-0.007187527183209874,-0.017923530671406042,-0.01931992636230202
377,35,24,50,41,51,-0.7241836808559137,-0.6958417723290247,-0.6821683238214876
378,27,32,32,79,60,-0.4374394202313895,-0.45113841147835476,-0.43789836788458614
379,58,45,36,33,69,-0.22852056564823342,-0.22086820953676475,-0.23120260224838463
380,39,75,49,77,60,0.4574299532103347,0.4257939102131737,0.4348694792658135
381,50,77,62,66,39,0.44581551737339453,0.4551318998911068,0.44607307882618025
382,43,46,48,35,78,-0.14354922190193417,-0.162097895808944,-0.15938351704742879
383,22,20,21,43,46,-1.3476456726271857,-1.3001163142806205,-1.2917857174646539
384,56,53,44,37,50,-0.21180402548815902,-0.18099621499054927,-0.1893177846358087
385,70,50,56,43,78,0.4567864511793104,0.43230298187805277,0.43146034666420957
386,46,50,47,59,85,0.27736227711435885,0.22715716766708266,0.2815994284633054
387,55,74,56,29,40,-0.004724163277409721,0.03726207692213359,0.039551752517207286
388,50,46,60,43,43,-0.1841299212085186,-0.15225567633499648,-0.17890619106494773
389,24,20,35,20,23,-1.6469005695109318,-1.5469579208955981,-1.6284963331747435
390,63,50,48,45,73,0.23065433827185416,0.21555403991664618,0.19982759126833496
391,67,48,48,23,48,-0.2556646395879552,-0.20813306932287104,-0.2269964969546175
392,57,38,42,66,39,-0.2067734869862173,-0.17398402667524482,-0.2052604319505659
393,44,30,33,20,44,-1.055269815704658,-0.9901964576185541,-1.0334671466468905
394,54,42,61,47,78,0.25180626133978223,0.2211826574432807,0.22892179881794447
395,43,33,41,32,52,-0.7089623768147872,-0.6723210689216355,-0.6473340751265984
396,57,56,29,38,48,-0.3619218304361257,-0.322277659388141,-0.32021852525626127
397,38,65,47,80,68,0.41218610763833025,0.36821849853011324,0.36775470042814074
398,24,20,50,22,33,-1.3263087550129502,-1.2523202324902043,-1.3022826964956151
399,57,21,30,24,36,-1.0752143871549626,-0.9924290377548168,-0.999357327530662
400,46,58,40,72,56,0.12301575820184969,0.11351569425223818,0.0960082063631414
401,55,50,60,47,45,-0.0011488541649719909,0.023740816941950082,0.002088474302048615
402,54,52,35,50,65,-0.05916807713101169,-0.060814225120174106,-0.07055562669838844
403,55,57,75,51,38,0.24744838438309205,0.2720917735082041,0.2700570462435861
404,57,46,47,60,51,0.019341399623674083,0.031098897954422035,0.01926349572452537
405,52,52,51,65,80,0.44656150153011576,0.39897150378736784,0.401119673832128
406,64,52,68,42,72,0.4793734256959873,0.458716606025388,0.44780768439299956
407,58,28,50,40,34,-0.5618937743417896,-0.49978350261636384,-0.5288916586587972
408,57,69,36,36,62,0.018784313930679843,0.028143087633172647,0.03268175085693239
409,40,30,42,45,22,-0.9506062043041782,-0.8722156030937903,-0.8950387395585881
410,42,21,20,36,22,-1.4179273943184145,-1.3187945199276645,-1.343937121027669
411,44,60,79,70,45,0.4774953901539126,0.4696593931721411,0.4470798978134477
412,56,62,72,73,44,0.5958362406693253,0.5923569662946433,0.5837955409669794
413,54,20,37,23,38,-1.0282932058942833,-0.9517080338610084,-1.0151040281732853
414,50,51,63,39,75,0.21581047584075344,0.192127670881212,0.18173958707006804
415,31,33,26,25,27,-1.4059056002509278,-1.315618596071854,-1.3098465384839613
416,64,60,32,30,36,-0.3986109742080338,-0.33293744341902987,-0.3669946460048289
417,40,40,64,61,70,0.14939711215165494,0.11791796494346074,0.11727061772887519
418,35,41,56,51,73,-0.08582436774565261,-0.11216356825421984,-0.10334703845986826
419,46,48,33,25,60,-0.5743984824320137,-0.5466991302685354,-0.5508227577399039
420,30,29,55,48,57,-0.5213754417474392,-0.5140594375721855,-0.5074932793648488
421,60,36,62,44,40,-0.17275601124447876,-0.132068120736676,-0.14186990849732073
422,47,70,63,34,52,0.11240355748665345,0.125936386559616,0.14636901234107164
423,48,60,51,60,84,0.4811994889776308,0.42720892579249525,0.4669729006517736
424,20,25,20,0,20,-2.0837361060524775,-1.9580671138744798,-2.125894800059187
425,44,57,30,34,37,-0.6721251253641869,-0.6135507551938147,-0.636686877551154
426,28,64,46,76,55,0.06973786067533913,0.050374554623846414,0.03408095973843568
427,62,65,50,30,42,-0.06875105038885583,-0.023898040895208018,-0.05095943560325973
428,40,60,44,71,50,0.0437959046214622,0.04182157156661408,0.012855696218213964
429,57,35,47,35,68,-0.21611971193016802,-0.21033420466848227,-0.2179037565912761
430,30,42,42,26,50,-0.8441735242047346,-0.8053010885872076,-0.8074329874992439
431,52,57,49,53,84,0.39287475513377956,0.34721337837485156,0.3913348923203669
432,37,40,28,50,20,-1.0082914050853133,-0.927841437756452,-0.9939295869894165
433,52,49,34,70,41,-0.17032349649235531,-0.14514915364773723,-0.1857682712070062
434,38,36,36,50,70,-0.4068225689488093,-0.4156372428327103,-0.41029636955940985
435,54,43,50,49,38,-0.28262473938969446,-0.24042686932205354,-0.27689158382257767
436,50,38,53,47,23,-0.5439308314288285,-0.47456478051378903,-0.5024940291831059
437,64,44,48,41,50,-0.12322211457893291,-0.09288791158479544,-0.09570947297150081
438,29,60,40,71,54,-0.11032131988581773,-0.11964742842929812,-0.15251201822479576
439,33,42,51,32,70,-0.40801731940990615,-0.4123355398142934,-0.4149086973069826
440,30,41,43,51,80,-0.24254980324369924,-0.27608526192095606,-0.2553136564801023
441,40,38,63,56,72,0.07706860103463715,0.047230075558687454,0.06090746763494013
442,43,31,37,60,67,-0.3110490909717744,-0.3204538615303488,-0.3197056995008477
443,42,55,36,30,61,-0.4346015557925903,-0.41714659278398647,-0.4114044488371486
444,50,44,62,52,82,0.335397239630513,0.2918705468280539,0.32508936461110477
445,59,39,39,15,56,-0.5933597314811871,-0.5478625875226443,-0.67987277606447
446,32,26,65,40,75,-0.3015137534684968,-0.3223719937600958,-0.30002349900474534
447,20,36,62,40,35,-0.8026075058105713,-0.7581339026098234,-0.796725533964314
448,43,47,50,63,83,0.2611459793662161,0.21020842550587596,0.2447420421845754
449,32,20,20,20,23,-1.7314951351613526,-1.6229914246911417,-1.737600118277595
450,59,45,38,38,29,-0.5632872694246407,-0.49069595811805444,-0.5384181126097068
451,62,23,38,50,45,-0.49455518004259724,-0.45161008333812874,-0.4521791319352804
452,64,46,60,45,73,0.346284207711056,0.3271516019391374,0.32159833014775885
453,44,20,64,30,27,-0.8574006562863763,-0.7817803851798187,-0.8372113482707414
454,47,38,50,53,25,-0.5334320536217777,-0.471577525401888,-0.4904119942548991
455,65,39,54,38,45,-0.18374666462117656,-0.14323102141799024,-0.1531153954540495
456,35,26,35,40,49,-0.9225354329334813,-0.8836300621003172,-0.8603474982399414
457,36,46,76,55,55,0.09642195556026908,0.08754229717402522,0.12711938810998508
458,45,60,52,62,75,0.3798072857354923,0.3388176192708771,0.32804355005453373
459,49,62,42,30,48,-0.31665057347423414,-0.2802045294963142,-0.295010377639052
460,55,36,60,46,45,-0.18861121767207636,-0.15832452093075325,-0.16082118667150685
461,35,40,54,49,59,-0.2965112338794067,-0.2956124769155931,-0.2983759722581345
462,36,65,35,31,50,-0.5080353246707247,-0.4762627992089749,-0.4645057365670489
463,40,42,40,45,36,-0.6746689627135863,-0.6236759777836266,-0.645722338673514
464,22,40,65,33,45,-0.6583855073656367,-0.628015358893546,-0.6207205213225908
465,56,61,36,50,53,-0.035361274235467234,-0.01911843271616645,-0.013218278937540484
466,36,51,49,72,66,0.12388807183389863,0.09307658032870499,0.05765121644204707
467,56,53,62,47,57,0.2041829493687472,0.20646649541833678,0.21171271308860762
468,51,51,55,55,80,0.359808825781771,0.3185042845099503,0.33167298273748214
469,52,30,28,27,45,-0.9236266237849659,-0.861964601341372,-0.8497965971883424
470,56,64,35,52,46,-0.0631002548836921,-0.03679040506235972,-0.03597502855852595
471,28,33,70,60,66,-0.07594707845283188,-0.10257290710548501,-0.09732188605662784
472,20,25,20,60,30,-1.3057215598987415,-1.2455281577094612,-1.2976538749691877
473,62,21,55,45,51,-0.29487893748155364,-0.2655827018433251,-0.24519275998729584
474,20,20,0,20,20,-2.1776566037961254,-2.0571182044269865,-2.2066863935306875
475,60,65,33,48,39,-0.14266859119639044,-0.09955420720293247,-0.1175777847396677
476,50,67,87,47,36,0.3934621551588369,0.41494545743837535,0.4846184948068982
477,40,42,63,53,76,0.13684171532941689,0.10112644673551188,0.1249017607185943
478,20,20,40,20,22,-1.64715276808097,-1.5485930500094809,-1.6754437412070213
479,45,50,46,54,75,0.08811245365706477,0.059587878284762155,0.0521632749913755
480,48,36,60,40,38,-0.42382834037957745,-0.37796638363210605,-0.3999945303585381
481,58,40,30,37,20,-0.8491309326874881,-0.7549265339633613,-0.835756500669709
482,27,42,65,43,48,-0.42278649937438734,-0.40529190670833737,-0.4124837456510641
483,40,44,46,50,68,-0.17372636512873596,-0.1859016023321972,-0.19660109972550802
484,46,48,30,21,31,-0.9685976951346348,-0.8857997526552769,-0.9004584185877766
485,46,31,50,40,45,-0.5654750356235614,-0.5259455684384864,-0.5282049763116738
486,61,59,62,43,43,0.1511678255740216,0.18008431606165315,0.1488444605001396
487,40,20,20,25,38,-1.408290344738981,-1.3282908467044447,-1.3950913388202255
488,23,36,65,40,55,-0.5098730290889981,-0.5010098494517758,-0.46903251903520377
489,55,55,40,80,62,0.3586516077176406,0.33510713397398956,0.3512271012910463
490,16,22,30,23,20,-1.790310799780022,-1.687516135108203,-1.8481349326795737
491,64,43,57,43,59,0.0976879743974982,0.10691228821540437,0.10032330700076782
492,20,25,20,50,25,-1.47117347630742,-1.3942620174914793,-1.437292991433451
493,39,25,60,64,58,-0.19895417691212608,-0.20536592774553117,-0.20536358509978397
494,56,62,53,58,85,0.6265072586492396,0.5724209690215357,0.6378171085424148
495,30,25,25,28,34,-1.4239749262580452,-1.345396812818909,-1.3511338728303144
496,36,55,42,53,23,-0.588801911691889,-0.5275806975523689,-0.5546096719129769
497,31,48,50,65,55,-0.16392231689815823,-0.1704622101222668,-0.17821197633165925
498,53,61,56,56,44,0.1497488105865598,0.16700328315059193,0.14600610418354631
499,50,51,60,51,83,0.3976449102246016,0.35180431780998356,0.385142039482334
500,43,64,49,77,56,0.32912785609426615,0.3088821785705639,0.30025793439745774
501,26,20,28,68,20,-1.2050799216790644,-1.1347167154532596,-1.247737252895353
502,50,56,44,34,54,-0.24434259580089535,-0.22030220330503622,-0.22773378450332632
503,40,54,45,56,30,-0.4013922526688928,-0.3550116864564457,-0.37785038620183264
504,65,51,40,48,71,0.18007618453691387,0.16983331430923504,0.16502318731657392
505,44,53,48,40,81,0.045973112575657546,0.01609973281361383,0.03399503457205766
506,36,20,40,28,42,-1.130447199052212,-1.069877557129682,-1.1142066334878253
507,54,60,61,79,45,0.48189648372567107,0.4772061429285226,0.4566161070412084
508,39,34,50,70,84,0.13328574445935248,0.07845475267571589,0.11826123105601419
509,38,37,33,67,72,-0.22091662425357855,-0.24577248373282376,-0.25741571815387204
510,67,55,81,26,62,0.4362519942583446,0.43944094935596356,0.4933478732559891
511,54,58,44,34,42,-0.2948306349964378,-0.24973452735492402,-0.28579069120950507
512,28,30,62,73,62,-0.11315758567674572,-0.13854574761090338,-0.14955580875939717
513,20,30,29,55,42,-1.0553007619084145,-1.0178049838106495,-1.023500585945096
514,52,65,43,35,49,-0.15966579879179063,-0.12980409580976154,-0.1417093161182682
515,52,46,48,40,46,-0.3115956147516997,-0.2765883785713814,-0.29696739404659017
516,65,59,64,48,42,0.2749201426662055,0.3014612079767887,0.27713466672455506
517,45,40,45,54,30,-0.5335991108646727,-0.48000472929651405,-0.5059029223775809
518,45,45,47,61,63,-0.012694273545112867,-0.02474705024280094,-0.036936786036483406
519,62,47,60,59,79,0.5532004906442306,0.5116696334826647,0.5060127861504908
520,61,44,46,37,47,-0.2654493996684273,-0.22637104790079293,-0.24778097107988034
521,45,34,40,37,45,-0.7017782583725608,-0.6564100048519312,-0.6568910024631194
522,45,53,26,26,25,-0.9783492261653898,-0.8891014556736938,-0.8912095227402969
523,40,39,35,43,28,-0.88430781736191,-0.8144829674574717,-0.8339641413902648
524,37,47,60,50,68,0.002350890655792215,-0.017892085880754437,-0.036459819531150586
525,45,45,50,30,42,-0.546459315757658,-0.49849426619964865,-0.5216406577291106
526,42,50,50,72,63,0.17153755344112695,0.1470358410868326,0.12416080119148543
527,54,43,31,31,38,-0.7256157771215926,-0.6602148245207736,-0.6787406117648863
528,49,33,44,62,47,-0.3094060915770066,-0.2882543959031211,-0.2912948224799653
529,35,56,48,70,60,0.07406972650567648,0.05392781596747602,0.016954838567935893
530,51,40,59,45,50,-0.1616201921234811,-0.14090410690977265,-0.14714409891581806
531,33,54,70,51,57,0.05769954916750882,0.04807908490628037,0.06629255509502138
532,50,41,40,68,52,-0.12554795125086882,-0.1184839711751893,-0.1360803393041419
533,23,60,34,40,53,-0.6236420191829072,-0.6048405481833244,-0.5857402562406407
534,23,25,40,26,46,-1.2196310702664959,-1.168708534147628,-1.143511658977181
535,44,20,31,20,32,-1.335457262446278,-1.2452765993842483,-1.3319080460411683
536,60,60,39,62,46,0.10236042867938051,0.12093666484601329,0.09264608739517163
537,38,60,52,33,55,-0.25205151613434384,-0.23640193611865,-0.24324948733567114
538,55,21,36,50,40,-0.6918712212117449,-0.6400587137131047,-0.6298044146152406
539,55,51,62,54,75,0.4371844129744965,0.4029649922001197,0.40449216240062513
540,56,61,43,78,44,0.2700835711506792,0.2763368202461687,0.2547519203184065
541,31,50,36,57,40,-0.5673456092913762,-0.5355362295872211,-0.5523192989481572
542,52,40,54,63,81,0.3220172920085885,0.27683993689659414,0.2974804403965394
543,52,35,57,50,38,-0.30967336089993003,-0.26929318714021266,-0.28967551468145436
544,31,35,45,43,35,-0.8518522679320253,-0.7993580231540572,-0.8232940446411613
545,53,38,73,58,83,0.5174925057631782,0.46491122978375116,0.5244092196397163
546,37,38,65,60,87,0.2683941297294511,0.20769284225374882,0.3098977650822291
547,47,20,40,38,38,-0.9154557102593696,-0.853694621400004,-0.9098623070924313
548,35,15,50,39,34,-1.0423574374808344,-0.9798511214941812,-1.1065694192408952
549,48,55,50,45,75,0.1412347052609287,0.11703751080521622,0.11424356125288652
550,58,63,58,40,66,0.324139666616846,0.3153283606541397,0.2872779120709478
551,16,23,30,25,30,-1.6480150311302009,-1.5645670036604884,-1.6691899839803834
552,60,63,46,63,46,0.24039444159922735,0.25394812930223704,0.2255953971200292
553,70,35,48,60,60,0.1628980666741766,0.16477070301432906,0.16165451681149504
554,49,41,55,35,44,-0.40269192261966646,-0.3624012122595692,-0.37784735188222973
555,45,51,70,51,75,0.37259139128186447,0.3350442443926863,0.3475966894589084
556,47,80,40,42,53,0.045783485328139695,0.05851875540260813,0.09234675518985722
557,39,50,63,37,83,0.12058876334101805,0.08266835462302886,0.11102675956477252
558,50,20,25,48,38,-0.9547058707204299,-0.8934093919929614,-0.9294645062636873
559,28,41,73,50,66,-0.0488131415798448,-0.07144256436041138,-0.05832417158432564
560,48,53,64,51,80,0.41495398583816084,0.37142586717657544,0.39410461380482126
561,46,30,31,20,43,-1.0648830610859474,-0.9967369740740846,-1.0374913842689768
562,42,46,53,60,31,-0.3183002510360632,-0.27753172229092915,-0.3020715407082632
563,38,47,33,80,70,0.028842230689264815,-0.006226068549014796,0.009488283041233104
564,47,40,56,40,48,-0.3303029055725481,-0.3015240975580919,-0.30533915506000514
565,20,20,20,20,30,-1.8157910574042972,-1.7219167360810421,-1.8548706999778681
566,64,57,25,52,39,-0.2473517841147125,-0.20030331645062524,-0.2001705088012206
567,41,67,46,86,57,0.41348701491708156,0.3842867865530756,0.5128088664382051
568,24,20,40,20,20,-1.6154758447950166,-1.5126202095040626,-1.6563264178562545
569,59,38,60,28,20,-0.5798520968629064,-0.49145063309369263,-0.58827506217904
570,54,66,48,72,60,0.4747892684608378,0.4536225499398305,0.42416316305092916
571,45,53,71,57,84,0.5741809939963753,0.5150342260823848,0.5915436369404812
572,46,35,61,32,23,-0.7007124098501996,-0.6228584132266852,-0.6383819789794366
573,46,49,29,43,40,-0.6262072709436738,-0.5765716813875456,-0.5825466696680885
574,60,58,70,35,40,0.10546955669627786,0.1424449016517005,0.12201261793527776
575,39,33,70,72,81,0.36536205069024674,0.3052345828549795,0.3366925427464279
576,46,66,51,48,71,0.25649048772791866,0.2323770029152466,0.23556133995571887
577,20,30,12,20,20,-1.899028793312175,-1.7873219006363485,-1.979436467944772
578,25,32,48,20,20,-1.3492812800629814,-1.2538610272321322,-1.3746123423988397
579,29,20,10,20,27,-1.8556742437098568,-1.750122713295518,-1.9133229706985062
580,58,66,55,56,31,0.12686199539442042,0.16659450087212124,0.1468424900233385
581,39,68,58,77,61,0.49455518459760117,0.4593140570477681,0.44953595450186257
582,34,56,63,92,40,0.2828848145954,0.2728150036931907,0.4586504098307024
583,80,32,44,52,55,0.06398954767174689,0.08584427847883942,0.0744024442730046
584,50,35,42,70,53,-0.14255640194787922,-0.13779107263526527,-0.15065797061841174
585,48,64,25,57,56,-0.13341471172038238,-0.12552760428114534,-0.10705512951054211
586,43,51,65,50,39,-0.11524346750710449,-0.08738507322076727,-0.10934768061899058
587,38,34,68,47,72,-0.036842378498617954,-0.06087711470147732,-0.05520175779953462
588,63,47,66,50,50,0.23093177501270631,0.24454613689741173,0.23969901985051192
589,28,30,40,75,72,-0.26342235112768664,-0.2976563883079464,-0.30596946190453717
590,43,60,51,40,65,-0.012751245518709719,-0.018646760856392573,-0.03220058944550026
591,60,48,36,58,42,-0.17456867565634743,-0.140495324631302,-0.1652823838790762
592,53,70,45,32,64,0.0695207577541209,0.07329780700885516,0.07597896782498048
593,48,42,70,55,83,0.4297153959171581,0.3785952794451378,0.43434085719836696
594,50,38,45,35,31,-0.6939920926074731,-0.6252482173162062,-0.6517091434007959
595,54,68,40,44,46,-0.06509941191285488,-0.036413067574540645,-0.0408539519557831
596,51,69,39,38,53,-0.09701614617403298,-0.07619072774880138,-0.07535319885481269
597,31,22,40,20,20,-1.4972857487247182,-1.3936645664690992,-1.5051642824921423
598,59,40,40,37,20,-0.708585742937211,-0.6188020352326302,-0.7139559625851724
599,55,60,58,75,25,0.19759755418624705,0.2325342268685045,0.182768887569665
600,52,59,38,44,52,-0.16604115401003255,-0.1443315890907959,-0.1592329608172776
601,60,47,64,50,73,0.41252159924468373,0.38639358752673203,0.3785008546796039
602,46,56,48,62,79,0.3347628894402323,0.2901725281328681,0.2911137600950411
603,50,62,51,71,43,0.2157830058591151,0.22413846776453009,0.18072975807906558
604,47,33,50,65,71,0.03154536649612703,0.005314169620118658,0.0037525006266245775
605,62,50,65,41,60,0.24944310302161413,0.2521243314444448,0.2366108700667458
606,20,25,20,20,30,-1.7528322732351207,-1.6605993943104427,-1.7538009102721368
607,48,32,49,36,43,-0.6052165896074367,-0.5584594819722299,-0.5714583970301337
608,43,44,42,33,40,-0.6753676016760561,-0.6227011892734273,-0.6363392895740894
609,36,38,45,45,67,-0.3817730649416323,-0.3865822562706415,-0.3931969872084997
610,25,53,65,48,50,-0.2334919490632112,-0.2275030603642502,-0.21853196657268228
611,35,40,51,33,38,-0.7389648796636079,-0.6872887892717923,-0.707781703768065
612,45,35,56,34,68,-0.2722046537017415,-0.2722175526708105,-0.27204047311330354
613,33,36,42,74,30,-0.5580281976155851,-0.5201911717492453,-0.5509536666409203
614,38,42,39,51,58,-0.4107348709549889,-0.4028077682468618,-0.40272260147730543
615,44,47,20,34,22,-1.086323943047621,-0.993718274171532,-1.0469758510328169
616,35,50,38,64,38,-0.43197260414729,-0.4023989859683912,-0.4426795071608615
617,23,58,70,64,82,0.3888822024206228,0.3219632114816251,0.36528527672971134
618,59,20,26,30,20,-1.216827203617647,-1.1083974256778792,-1.2040032866953518
619,51,40,33,60,45,-0.3785001040123813,-0.3490686210232953,-0.3566925500878417
620,63,41,42,59,78,0.25113639343685396,0.2218429980469641,0.22624688670105914
621,20,20,20,20,40,-1.7084425812551303,-1.6319846348174962,-1.7520065212431384
622,40,46,32,45,71,-0.3503890969532251,-0.357967496777695,-0.3544207217740838
623,64,35,63,44,43,-0.08727075320564393,-0.051129229599484585,-0.05117487443424453
624,38,40,56,70,44,-0.15748915269045152,-0.1476018473185612,-0.18787297343887494
625,54,41,44,40,62,-0.22712694187284815,-0.21608860135772318,-0.22584040495982732
626,40,50,65,72,65,0.35732174209506223,0.32199465627227675,0.2929062248390952
627,20,25,20,20,28,-1.774301968464954,-1.6785858145631518,-1.7748073572190222
628,26,42,20,36,39,-1.1835945654174371,-1.1242141553756286,-1.1566505124631
629,70,44,26,55,50,-0.1669822144044463,-0.13647039142789855,-0.10500765866920445
630,44,21,35,20,45,-1.1324090725699936,-1.067047525971039,-1.0969771532825807
631,48,51,36,39,71,-0.19730026870439882,-0.2019384455645079,-0.21427334139912482
632,20,22,24,65,25,-1.2903788152592515,-1.2263468354119915,-1.243419057425502
633,58,48,55,62,61,0.28932240783334173,0.2779090597787482,0.26020300366599347
634,42,53,68,54,37,-0.041927671828176936,-0.01603684323231065,-0.03999788598633991
635,66,46,43,38,50,-0.16862786271426228,-0.133829029013165,-0.13547064545719806
636,60,32,50,51,48,-0.21171012497221672,-0.183700466986586,-0.1795536796950496
637,54,55,50,29,64,-0.07597297606402588,-0.06697740408788568,-0.0851540032161044
638,45,34,39,75,42,-0.32195347705988375,-0.3013354288141824,-0.3162631805856188
639,70,55,65,74,32,0.48698572950721053,0.5119840813891805,0.47517674503258756
640,61,78,40,37,43,0.04337582114950964,0.0810332255091462,0.0857165006359395
641,65,69,37,49,40,0.04694773878054326,0.08537260661906557,0.08057097387272441
642,35,20,45,45,29,-1.0296355519464495,-0.9625564866358071,-1.0237854002311708
643,42,66,50,65,70,0.369905221253043,0.33356633923206164,0.32622760083043734
644,50,64,75,49,43,0.30047611148297015,0.314699464841108,0.3114374269390363
645,34,28,40,38,40,-0.9659784705351614,-0.91296805177825,-0.9232482544190731
646,21,40,68,20,35,-0.8861540594416745,-0.8295450221795833,-0.8869635676504848
647,35,36,33,46,62,-0.6154499456250202,-0.6063498981346008,-0.5874321495050852
648,51,47,58,44,63,0.04217150336174076,0.039211653942532135,0.02697749088032526
649,45,41,25,29,55,-0.7865974297358178,-0.7475998977415408,-0.7229587105268971
650,45,32,56,35,42,-0.577908194357672,-0.5324546401033654,-0.5411213727845376
651,30,47,34,42,37,-0.8437303017919874,-0.7929747306517846,-0.8225032516082574
652,43,32,41,65,68,-0.18093023330744287,-0.19825940505827197,-0.19941172050048267
653,55,38,55,39,50,-0.2516271083243537,-0.22278634176651177,-0.22484850609027998
654,45,54,47,75,75,0.3859384590061382,0.3388176192708771,0.32595267866729327
655,53,36,68,46,60,0.047645015390844696,0.047701747418461296,0.04873329072275059
656,46,56,53,47,67,0.10190746812075502,0.08791963466184431,0.07733535820382338
657,48,52,58,42,34,-0.2683957928553258,-0.22149710534979658,-0.26377642547996133
658,60,70,42,32,58,0.05994069393084911,0.07697684751509112,0.08501928736419972
659,45,58,40,73,30,-0.15819916658152153,-0.12342080330748886,-0.17323654898022067
660,48,53,65,51,83,0.4598843821950439,0.4106689659097592,0.4545633185893263
661,57,55,43,33,43,-0.3059147153417293,-0.2597025259914779,-0.2817313657907362
662,50,20,32,23,20,-1.3382963490392359,-1.2288624186641186,-1.3484701201595968
663,50,64,57,56,48,0.2033293611730253,0.2115605515038943,0.20008025672875812
664,37,46,68,64,70,0.2695244068165873,0.23121354566113778,0.21263622330339244
665,47,41,60,37,70,-0.06417439066224191,-0.07348647575276472,-0.08469032120400097
666,45,43,54,75,86,0.4545934321829642,0.38868905724429803,0.4726234637210309
667,20,26,60,20,33,-1.1990018330712138,-1.1308175614124623,-1.2069132515354728
668,64,52,46,68,42,0.16798118365020626,0.18892030223474984,0.14149854352839458
669,30,35,32,20,35,-1.2876636783871196,-1.2109388879927123,-1.276511765282271
670,30,20,20,40,20,-1.5667176305958068,-1.4694150671487782,-1.6014931976531872
671,38,33,70,60,74,0.14279824875596933,0.1042709258006709,0.11594992821599337
672,42,59,31,50,37,-0.481944782107725,-0.4377114858701261,-0.4642343700496173
673,37,74,47,78,51,0.30737731939349894,0.2914617645495833,0.31255964906420103
674,38,60,62,58,70,0.31567392904597386,0.2805504221934817,0.25827595329816616
675,63,35,40,40,60,-0.2554707004937047,-0.2353013684458444,-0.23032572240433064
676,39,44,20,60,30,-0.814031742105881,-0.7562157703800765,-0.8083905316613775
677,52,50,50,34,37,-0.3994571159267994,-0.34620714507400063,-0.3926793212278546
678,39,60,69,80,42,0.36337671737719307,0.35636381245446397,0.34907822199933236
679,22,20,20,20,23,-1.8643616814508206,-1.7578895765864604,-1.8601537138051782
680,60,33,55,51,56,-0.04961031965838271,-0.03817397585102966,-0.017728719998292997
681,28,44,44,75,70,-0.05770403663529307,-0.09490037818649721,-0.12126944687349699
682,54,52,52,42,73,0.1536280708273076,0.13659617059050488,0.1258897439369378
683,55,52,46,60,83,0.39910790153399367,0.3532193333893051,0.378822506419217
684,64,61,58,73,44,0.5113757716972016,0.5163234624991,0.4790911160463568
685,35,25,39,58,36,-0.8225769737113309,-0.7769693322101255,-0.7980521785335519
686,70,46,48,24,54,-0.16540133584587588,-0.127854518789363,-0.1374035585686253
687,32,52,50,47,32,-0.5483699510783244,-0.5015444108928528,-0.5284307273616464
688,34,62,75,46,68,0.2975440106248398,0.2680353955141491,0.27602543185546413
689,45,45,51,46,31,-0.47297250067505703,-0.4191276145950368,-0.4408271993060994
690,38,0,62,64,63,-0.447908807288107,-0.45594946444804807,-0.45406386002070676
691,47,44,57,32,38,-0.46398064354151636,-0.41315310437123476,-0.4422406355819318
692,48,53,30,53,48,-0.3388846215848775,-0.31256121907679985,-0.3015684367148178
693,39,43,39,75,84,0.16251600649745468,0.10581172054259876,0.14639079634153954
694,31,56,38,73,60,-0.07280212363121256,-0.09153578558677715,-0.1118146592664846
695,27,63,45,72,68,0.1259755433607031,0.08776241070858634,0.04619756147902061
696,30,30,33,25,50,-1.1209850556533656,-1.0732107049387503,-1.0637344660067156
697,52,31,53,30,54,-0.4627415971133261,-0.43104519025198923,-0.41977971362382294
698,39,28,64,40,72,-0.22825405375508168,-0.24265944945831638,-0.23863274927588227
699,50,51,60,53,80,0.38779590304667044,0.3455782492609688,0.35479421771015657
700,61,48,50,57,50,0.09158094122838588,0.106251947611721,0.09676452104866343
701,20,22,40,20,22,-1.6219692544132993,-1.524066113301241,-1.6048209457380143
702,41,46,48,43,66,-0.20951855987155216,-0.2139818003840667,-0.22435951786815708
703,56,60,38,40,45,-0.22015778329846483,-0.18256845452312875,-0.20407565988924908
704,54,57,20,46,36,-0.5431187478100524,-0.4857591259857549,-0.5370845788009906
705,23,20,30,20,30,-1.6486725583961266,-1.5588126069712476,-1.6304605794721148
706,40,40,60,74,40,-0.07824074851005466,-0.06603406036833796,-0.0905241767625824
707,35,20,22,20,32,-1.5695698357159962,-1.4770561512771148,-1.5463892036516642
708,45,42,54,75,53,0.08775170405687811,0.07964965472047625,0.07581338725226253
709,26,50,77,52,62,0.0682589199224641,0.045783615188714356,0.07026065447891772
710,50,48,33,54,49,-0.31517992051143545,-0.29073853436459673,-0.2898961544728583
711,54,42,49,45,55,-0.170161011615717,-0.15357635754236323,-0.1561549519434285
712,38,46,52,45,66,-0.1761195740430414,-0.18464381070613367,-0.1976040790949687
713,30,45,25,30,23,-1.2678675776786026,-1.1782991952963624,-1.1964696310091794
714,32,40,65,57,74,0.05405804775824252,0.016728628626645637,0.018973635712396186
715,70,20,51,55,53,-0.11883349776841878,-0.09722729269471482,-0.11127387008045071
716,52,66,34,76,55,0.2610908432921361,0.25149543563141297,0.26111405668203996
717,30,35,38,33,55,-0.8513006231816643,-0.822595723445582,-0.8087545316185727
718,66,32,54,40,49,-0.1933073817025915,-0.15885908237183027,-0.14675922496066127
719,51,26,50,32,23,-0.8875893368434472,-0.8006787043614239,-0.816248128759596
720,70,54,27,61,46,-0.004211576013169638,0.024715605452149337,0.03968531681627434
721,66,48,60,45,56,0.2155486211830365,0.22577359687841275,0.23102002212076345
722,41,25,27,46,36,-1.0297005020841605,-0.9677134323026676,-0.9519091863956175
723,35,30,40,62,20,-0.8739388265350503,-0.8057727604469814,-0.8853398706782325
724,47,21,28,20,45,-1.1816300832680846,-1.1124223588812825,-1.1298800603301014
725,58,30,58,61,75,0.23995844413612866,0.20948519532088944,0.20767380323976523
726,34,42,45,45,48,-0.5619414515476016,-0.5353790056339631,-0.5435201734631583
727,50,39,46,47,60,-0.22323068742800684,-0.2153968159633882,-0.2240520246734803
728,58,37,33,31,42,-0.679628602124885,-0.6193365966737072,-0.6237058062817474
729,52,44,70,62,81,0.5648202077046489,0.5117325230639679,0.53934512709147
730,58,72,53,80,43,0.5740454287539942,0.5726096377654452,0.5934059512040707
731,50,34,36,20,20,-1.1446416428172372,-1.0392503310350336,-1.1576347464616308
732,22,0,20,60,38,-1.5080633905673981,-1.4531895551725582,-1.472926446962678
733,57,51,54,54,80,0.41562513220990915,0.3768029263779972,0.38935316882135057
734,60,33,33,40,69,-0.3129815240988968,-0.3052031380643279,-0.29688433591867824
735,49,55,41,29,59,-0.31061316889254054,-0.28976374585439746,-0.30233757460547717
736,42,20,49,40,30,-0.9308795470474207,-0.861964601341372,-0.91813833636628
737,54,51,59,58,28,-0.07410656875829588,-0.02848898033034013,-0.08197093517498924
738,30,50,32,25,29,-1.107307572402042,-1.0290622188639187,-1.074357233272702
739,40,63,43,88,39,0.14078405101471275,0.1438284724403705,0.24484854300509262
740,33,45,50,40,72,-0.2720760645234239,-0.286807935533148,-0.2976608547858852
741,55,15,25,26,35,-1.2293468169246313,-1.1425464683255053,-1.2420921741082367
742,32,54,37,75,30,-0.39711472896275124,-0.36387911742019396,-0.39620898609661204
743,22,20,23,36,20,-1.67954437842462,-1.5820503072627718,-1.6595382668864125
744,51,48,74,55,75,0.5101505339362091,0.46975372754409583,0.48902293416523185
745,37,43,39,39,40,-0.7387902398195144,-0.6904332683369511,-0.718024355698192
746,20,25,25,10,20,-1.9083291601577173,-1.7929819629536343,-1.9745962455618478
747,47,37,33,44,45,-0.6482662783642261,-0.6058467814841754,-0.601986683663797
748,38,70,34,80,50,0.11648153908127709,0.10823296942277112,0.1504072474016252
749,55,57,57,47,37,-0.03706289778385714,0.0008490093475929106,-0.03522537446054641
750,35,20,45,54,36,-0.8538917081413475,-0.8062129875161039,-0.8620312571802261
751,48,30,40,48,50,-0.5356556375789742,-0.5058837920027722,-0.4939726779265339
752,56,30,48,38,63,-0.2997802317905135,-0.2867136011611932,-0.28782558952797166
753,49,42,46,44,35,-0.5006465654285932,-0.4480568219944991,-0.4869804523461491
754,30,26,21,23,25,-1.6147890511740393,-1.515010013593583,-1.5054197371526339
755,39,28,70,38,68,-0.21719385880876924,-0.22580504166906437,-0.22135398424527614
756,50,27,48,54,42,-0.46386294464439903,-0.42727181537379844,-0.4378857722164072
757,29,36,28,68,45,-0.6953806580779412,-0.67320152305988,-0.6834565311069148
758,60,56,29,73,33,-0.09186270660370388,-0.053519033689005416,-0.08679652793013362
759,54,28,47,50,53,-0.3374781703764639,-0.31589436688586836,-0.31122297882575
760,27,58,60,75,62,0.2230287796842501,0.18756817623673153,0.1609644561199377
761,48,51,48,60,85,0.3404309645516303,0.28904051566941086,0.3445874905060882
762,20,20,35,20,20,-1.7322517308714687,-1.6278968120327897,-1.7990801251005628
763,40,44,33,32,35,-0.8946122530800867,-0.8288846815758998,-0.8485264628255311
764,50,20,30,28,50,-0.9858137884489541,-0.9317091470065975,-0.951009934015725
765,26,53,43,46,53,-0.49032506452326013,-0.47758348041634163,-0.4736853393202459
766,32,68,50,76,30,-0.044216269797917415,-0.022388690943931745,-0.05055875950592999
767,39,37,46,46,70,-0.29839669369833477,-0.3087563994079575,-0.31347530124327216
768,63,46,60,45,50,0.08609605793902533,0.10681795384344958,0.10178801226088222
769,45,57,38,25,43,-0.593222467449361,-0.5413849606484168,-0.5666435285800824
770,50,54,51,53,83,0.34324303478372925,0.2989770695153132,0.3416862358301006
771,48,33,48,47,57,-0.3321073735093965,-0.31840995013799545,-0.30622087242983465
772,62,32,58,25,37,-0.4920352750499889,-0.4273347049551016,-0.4623220642126242
773,37,50,71,49,52,-0.002824779881314832,-0.00047167185977381454,0.012955287578820075
774,48,60,48,60,49,0.06730226191914764,0.07565616630772438,0.04989716353253502
775,54,67,45,30,61,-0.009527936630007467,0.002264024926914443,-0.003085143590643602
776,34,30,37,30,40,-1.0683946600711658,-1.0082457674525664,-1.015029027033135
777,41,32,20,26,20,-1.4259520973391009,-1.3191404126248318,-1.4003412613961632
778,45,37,62,55,80,0.19288527691932672,0.15172111489391943,0.18277557579003711
779,20,5,25,10,20,-2.160164296834424,-2.0382513300360325,-2.2391525650746162
780,31,25,20,28,20,-1.6246054057985972,-1.5191292811689414,-1.6074990772586066
781,64,50,52,43,55,0.07926161421401372,0.09546638441822577,0.0935577589320351
782,23,51,41,75,48,-0.3103392200077458,-0.31114620349747835,-0.3095820908109973
783,32,20,33,28,35,-1.3478187254573475,-1.272633567251131,-1.322818719488545
784,30,21,25,20,16,-1.7569913533291626,-1.639342715829968,-1.900389399591375
785,30,24,42,38,48,-0.9581616284426904,-0.9195085682337808,-0.9255583218688477
786,50,49,56,40,29,-0.3810792348646067,-0.3215544292031544,-0.36813176521948476
787,44,48,45,40,67,-0.20545109873875197,-0.20791295578830987,-0.22786645155147878
788,48,52,55,45,57,-0.02613855474841258,-0.020313334760926827,-0.02329494646198347
789,52,28,14,32,35,-1.1784317236046187,-1.096228291695714,-1.174606139045057
790,64,27,54,46,40,-0.31238649666345514,-0.26583426016853784,-0.2655788006295407
791,40,53,56,30,38,-0.47874280361857774,-0.4302276256950478,-0.4550776265452011
792,29,28,55,63,50,-0.45473126901349603,-0.4471134782749514,-0.4474894228356501
793,59,33,50,61,39,-0.1972409729674836,-0.16209789580894393,-0.18081905290483372
794,20,25,22,50,40,-1.2846990550594035,-1.2348369288879206,-1.2275842024246753
795,50,48,35,28,47,-0.6018198723856492,-0.5539943216997041,-0.5656176624359822
796,41,51,20,51,39,-0.7033024169775752,-0.6558439986202027,-0.680941505390953
797,39,52,56,58,40,-0.17017402051606104,-0.14744462336530328,-0.17442710325043337
798,31,46,80,63,80,0.4386854295042604,0.3769915951219068,0.4225726360234292
799,43,45,55,52,55,-0.12393944612596097,-0.11895564303496317,-0.10651121052573757
800,62,52,44,29,57,-0.15895406391117273,-0.1323825686431919,-0.14939387732560333
801,63,57,38,51,43,-0.06344072045967257,-0.028771983446204442,-0.043987279201076104
802,57,43,65,57,86,0.5528178553624183,0.4986829349435582,0.5895219819513742
803,47,36,40,25,21,-1.0417909922059108,-0.9452618517774326,-0.9759375360804341
804,53,42,40,70,46,-0.11514978055287435,-0.0989567561805522,-0.1319337359417751
805,33,29,55,53,80,-0.17872514355046776,-0.21486225452231128,-0.18446807406517557
806,66,41,50,69,40,0.09665665438801918,0.12244601479728963,0.09080881234850682
807,33,45,56,72,68,0.11902823675881087,0.08285702336693837,0.05229387835033426
808,83,35,60,45,58,0.2991986062651056,0.3136617867496054,0.27156534706651814
809,46,44,50,30,63,-0.32033261804929614,-0.30841050671078996,-0.31178467156603373
810,20,20,21,40,25,-1.6331840852985582,-1.5470837000582045,-1.5907296226631877
811,43,28,46,38,28,-0.8988616291808424,-0.8258974264639989,-0.8506667712638254
812,20,28,28,30,50,-1.2867755440041218,-1.2420692307377863,-1.2277618239495585
813,52,45,66,25,63,-0.08029611641469898,-0.07087655812868277,-0.08598517774800525
814,62,54,51,62,37,0.10947981054560821,0.1405582142126052,0.10283244424142515
815,68,31,40,36,63,-0.2519109831732001,-0.23143365919569892,-0.21994412474168845
816,46,45,48,30,30,-0.6874425395319775,-0.6174499092346118,-0.65352599530937
817,63,59,81,56,48,0.6185175714713496,0.6199340476960875,0.6621593459662749
818,41,53,68,63,69,0.38890070772089563,0.3516470938567256,0.344230120609916
819,54,53,70,53,83,0.6255891131962086,0.5736787606475993,0.6219917463654451
820,52,58,52,69,69,0.46146564361481524,0.42739759453640486,0.3836894935215211
821,44,56,54,60,56,0.11528767044523416,0.10917631314231882,0.10538158923674765
822,48,51,68,42,53,0.05023309011558632,0.0597451022380201,0.05551973527915832
823,64,53,66,50,75,0.5881401610175825,0.5564470153705282,0.555267094707566
824,47,38,59,68,89,0.43579739284322994,0.37001085159725394,0.47872421398647996
825,41,37,70,63,84,0.3739070196275464,0.3148566887943659,0.3904895317747944
826,56,46,49,79,75,0.501520383611774,0.4551318998911067,0.45355498246996595
827,62,39,48,60,73,0.24652487597186074,0.22281778655716336,0.2072381676078555
828,60,64,38,49,70,0.2523269634262662,0.23866596104556445,0.21790904051626897
829,41,53,54,75,70,0.3556068201668635,0.3134731180056959,0.30375756784296587
830,43,46,60,61,86,0.3856617648316422,0.32680570924196994,0.41544989641684554
831,34,48,70,66,87,0.48514760874208634,0.413436107487099,0.5099391703669591
832,58,53,41,60,78,0.3342561166194207,0.2996688549096481,0.2972141683960543
833,37,63,60,67,65,0.3616365103203689,0.3277490529615176,0.28804549427199583
834,77,40,47,40,58,0.06111252783582481,0.082731244204332,0.06395082608911877
835,40,50,44,53,27,-0.5302229798613458,-0.4744390013511827,-0.5087007338614187
836,69,55,72,37,62,0.47124806807454506,0.47019395461321817,0.48574020982094107
837,56,53,74,89,44,0.6868064215236247,0.6725411824561968,0.8084247502050463
838,46,46,51,69,85,0.3896763421616444,0.33092497681732813,0.38114126705143436
839,46,49,53,55,84,0.28567972240476713,0.23797417565122952,0.2919283445451513
840,60,50,68,80,58,0.6755106045732558,0.6486431415609887,0.6542144493806028
841,42,20,42,34,21,-1.1836407571670589,-1.09100845644755,-1.1488709201946599
842,39,46,51,51,88,0.1276744816023964,0.07669384439922684,0.19736663510413788
843,62,50,59,38,62,0.16102437367842085,0.16539959882736094,0.1356649360012489
844,55,58,53,72,49,0.33288781221568337,0.33139664867710195,0.3021428447229942
845,48,47,63,59,89,0.5127133625245417,0.4495347271551238,0.5779826363765681
846,65,63,36,65,43,0.16972017244469975,0.19253645315968262,0.1703413722923676
847,44,60,44,73,62,0.24811623018306855,0.22445291567104603,0.1932881058628939
848,36,52,58,75,63,0.25234127093240966,0.21986197623591391,0.20358789960718768
849,72,36,52,47,66,0.17206465066961457,0.17212878402680104,0.177091273602871
850,42,70,60,59,50,0.2657672244109241,0.2631300081725011,0.27515528859710947
851,57,54,72,72,85,0.9373398250057641,0.8660838689167303,0.9439032090474836
852,45,45,78,48,62,0.22576135588177132,0.21152910671324276,0.2319923553329694
853,66,73,48,64,49,0.5148659554136872,0.5194050519829558,0.5316965054070945
854,59,59,70,70,81,0.9361252852820824,0.8731275020226862,0.8661475742180629
855,37,52,52,70,68,0.18705820339609427,0.1528531273573767,0.11418444804111234
856,55,53,71,53,83,0.6516016213372884,0.5994320441912511,0.6654020055473321
857,50,28,52,42,38,-0.577440378222612,-0.5264486850889117,-0.5454823998435673
858,69,26,51,42,47,-0.2662896789181768,-0.22599371041297384,-0.21140754883593016
859,55,37,59,72,48,0.1340811921630225,0.13845141323894863,0.11420468878625811
860,68,44,60,55,78,0.5396992289678506,0.5053177857710436,0.5144569029211132
861,50,75,40,56,83,0.5012188431610367,0.452742095801586,0.5239222748378138
862,63,51,54,56,81,0.5284354432653255,0.48748858947159235,0.5124223787623807
863,71,69,55,61,79,0.9085253007552831,0.8623104940385395,0.880911637900704
864,35,64,50,78,68,0.3755564117872347,0.3315224278397083,0.3131326616585327
865,52,42,44,42,72,-0.11140448248092047,-0.12011910028907198,-0.13274460105476174
866,72,50,39,45,66,0.16055761501876104,0.16363869055087188,0.14502679309496944
867,65,62,56,80,48,0.6329862414292508,0.6261601162451021,0.6396100054656589
868,57,53,74,85,48,0.6983213952786003,0.6804967144910489,0.7905551472997866
869,52,60,44,43,68,0.08348551790185856,0.07502727049469259,0.04507831024558038
870,63,61,64,54,48,0.40500603976593963,0.4152284605542397,0.40937399694665866
871,20,20,20,30,20,-1.8113618552193695,-1.7080810281943428,-1.8525318439123502
872,54,60,55,68,54,0.3791995450196188,0.3704196338757245,0.3370626528538544
873,68,40,63,58,78,0.5610430656691368,0.5241846601619973,0.53855693010526
874,40,68,50,49,70,0.18967114032826846,0.165085150920845,0.1654242420239635
875,68,49,52,74,63,0.5522060596509928,0.5307880661988311,0.5146110161596079
876,31,60,76,60,60,0.31583635533086096,0.28863173339094017,0.2984944229333064
877,55,54,72,55,58,0.43090357697715864,0.41988228957067486,0.4478225101476488
878,79,34,56,44,52,0.10696996334404138,0.13404914254772612,0.1225346396696203
879,59,60,81,45,45,0.42280272077714337,0.43711403484774597,0.46486788146705693
880,67,55,68,38,58,0.36200972214186206,0.3685643912272808,0.36420284870663494
881,39,48,70,58,80,0.38701480591512755,0.33491846523007995,0.3525521226758886
882,38,60,40,74,74,0.2574888275732655,0.21275545354865472,0.18350511505414593
883,68,70,60,80,70,1.060650321563473,1.0116418048429379,1.0388413073231209
884,72,35,56,43,60,0.10125615086117332,0.11345280467093502,0.11753597557605225
